filename,original_name,label,country_code
merged_0000.jpg,ANONYMOUS-0.jpg,ANONYMOUS,ANONYMOUS
merged_0001.jpg,ANONYMOUS-1.jpg,ANONYMOUS,ANONYMOUS
merged_0002.jpg,ANONYMOUS-10.jpg,ANONYMOUS,ANONYMOUS
merged_0003.jpg,ANONYMOUS-100.jpg,ANONYMOUS,ANONYMOUS
merged_0004.jpg,ANONYMOUS-101.jpg,ANONYMOUS,ANONYMOUS
merged_0005.jpg,ANONYMOUS-102.jpg,ANONYMOUS,ANONYMOUS
merged_0006.jpg,ANONYMOUS-103.jpg,ANONYMOUS,ANONYMOUS
merged_0007.jpg,ANONYMOUS-104.jpg,ANONYMOUS,ANONYMOUS
merged_0008.jpg,ANONYMOUS-105.jpg,ANONYMOUS,ANONYMOUS
merged_0009.jpg,ANONYMOUS-106.jpg,ANONYMOUS,ANONYMOUS
merged_0010.jpg,ANONYMOUS-107.jpg,ANONYMOUS,ANONYMOUS
merged_0011.jpg,ANONYMOUS-108.jpg,ANONYMOUS,ANONYMOUS
merged_0012.jpg,ANONYMOUS-109.jpg,ANONYMOUS,ANONYMOUS
merged_0013.jpg,ANONYMOUS-11.jpg,ANONYMOUS,ANONYMOUS
merged_0014.jpg,ANONYMOUS-110.jpg,ANONYMOUS,ANONYMOUS
merged_0015.jpg,ANONYMOUS-111.jpg,ANONYMOUS,ANONYMOUS
merged_0016.jpg,ANONYMOUS-112.jpg,ANONYMOUS,ANONYMOUS
merged_0017.jpg,ANONYMOUS-113.jpg,ANONYMOUS,ANONYMOUS
merged_0018.jpg,ANONYMOUS-114.jpg,ANONYMOUS,ANONYMOUS
merged_0019.jpg,ANONYMOUS-115.jpg,ANONYMOUS,ANONYMOUS
merged_0020.jpg,ANONYMOUS-116.jpg,ANONYMOUS,ANONYMOUS
merged_0021.jpg,ANONYMOUS-117.jpg,ANONYMOUS,ANONYMOUS
merged_0022.jpg,ANONYMOUS-118.jpg,ANONYMOUS,ANONYMOUS
merged_0023.jpg,ANONYMOUS-119.jpg,ANONYMOUS,ANONYMOUS
merged_0024.jpg,ANONYMOUS-12.jpg,ANONYMOUS,ANONYMOUS
merged_0025.jpg,ANONYMOUS-120.jpg,ANONYMOUS,ANONYMOUS
merged_0026.jpg,ANONYMOUS-121.jpg,ANONYMOUS,ANONYMOUS
merged_0027.jpg,ANONYMOUS-122.jpg,ANONYMOUS,ANONYMOUS
merged_0028.jpg,ANONYMOUS-123.jpg,ANONYMOUS,ANONYMOUS
merged_0029.jpg,ANONYMOUS-124.jpg,ANONYMOUS,ANONYMOUS
merged_0030.jpg,ANONYMOUS-125.jpg,ANONYMOUS,ANONYMOUS
merged_0031.jpg,ANONYMOUS-126.jpg,ANONYMOUS,ANONYMOUS
merged_0032.jpg,ANONYMOUS-127.jpg,ANONYMOUS,ANONYMOUS
merged_0033.jpg,ANONYMOUS-128.jpg,ANONYMOUS,ANONYMOUS
merged_0034.jpg,ANONYMOUS-129.jpg,ANONYMOUS,ANONYMOUS
merged_0035.jpg,ANONYMOUS-13.jpg,ANONYMOUS,ANONYMOUS
merged_0036.jpg,ANONYMOUS-130.jpg,ANONYMOUS,ANONYMOUS
merged_0037.jpg,ANONYMOUS-131.jpg,ANONYMOUS,ANONYMOUS
merged_0038.jpg,ANONYMOUS-132.jpg,ANONYMOUS,ANONYMOUS
merged_0039.jpg,ANONYMOUS-133.jpg,ANONYMOUS,ANONYMOUS
merged_0040.jpg,ANONYMOUS-134.jpg,ANONYMOUS,ANONYMOUS
merged_0041.jpg,ANONYMOUS-135.jpg,ANONYMOUS,ANONYMOUS
merged_0042.jpg,ANONYMOUS-136.jpg,ANONYMOUS,ANONYMOUS
merged_0043.jpg,ANONYMOUS-137.jpg,ANONYMOUS,ANONYMOUS
merged_0044.jpg,ANONYMOUS-138.jpg,ANONYMOUS,ANONYMOUS
merged_0045.jpg,ANONYMOUS-139.jpg,ANONYMOUS,ANONYMOUS
merged_0046.jpg,ANONYMOUS-14.jpg,ANONYMOUS,ANONYMOUS
merged_0047.jpg,ANONYMOUS-140.jpg,ANONYMOUS,ANONYMOUS
merged_0048.jpg,ANONYMOUS-141.jpg,ANONYMOUS,ANONYMOUS
merged_0049.jpg,ANONYMOUS-142.jpg,ANONYMOUS,ANONYMOUS
merged_0050.jpg,ANONYMOUS-143.jpg,ANONYMOUS,ANONYMOUS
merged_0051.jpg,ANONYMOUS-144.jpg,ANONYMOUS,ANONYMOUS
merged_0052.jpg,ANONYMOUS-145.jpg,ANONYMOUS,ANONYMOUS
merged_0053.jpg,ANONYMOUS-146.jpg,ANONYMOUS,ANONYMOUS
merged_0054.jpg,ANONYMOUS-147.jpg,ANONYMOUS,ANONYMOUS
merged_0055.jpg,ANONYMOUS-148.jpg,ANONYMOUS,ANONYMOUS
merged_0056.jpg,ANONYMOUS-149.jpg,ANONYMOUS,ANONYMOUS
merged_0057.jpg,ANONYMOUS-15.jpg,ANONYMOUS,ANONYMOUS
merged_0058.jpg,ANONYMOUS-150.jpg,ANONYMOUS,ANONYMOUS
merged_0059.jpg,ANONYMOUS-151.jpg,ANONYMOUS,ANONYMOUS
merged_0060.jpg,ANONYMOUS-152.jpg,ANONYMOUS,ANONYMOUS
merged_0061.jpg,ANONYMOUS-153.jpg,ANONYMOUS,ANONYMOUS
merged_0062.jpg,ANONYMOUS-154.jpg,ANONYMOUS,ANONYMOUS
merged_0063.jpg,ANONYMOUS-155.jpg,ANONYMOUS,ANONYMOUS
merged_0064.jpg,ANONYMOUS-156.jpg,ANONYMOUS,ANONYMOUS
merged_0065.jpg,ANONYMOUS-157.jpg,ANONYMOUS,ANONYMOUS
merged_0066.jpg,ANONYMOUS-158.jpg,ANONYMOUS,ANONYMOUS
merged_0067.jpg,ANONYMOUS-159.jpg,ANONYMOUS,ANONYMOUS
merged_0068.jpg,ANONYMOUS-16.jpg,ANONYMOUS,ANONYMOUS
merged_0069.jpg,ANONYMOUS-160.jpg,ANONYMOUS,ANONYMOUS
merged_0070.jpg,ANONYMOUS-161.jpg,ANONYMOUS,ANONYMOUS
merged_0071.jpg,ANONYMOUS-162.jpg,ANONYMOUS,ANONYMOUS
merged_0072.jpg,ANONYMOUS-163.jpg,ANONYMOUS,ANONYMOUS
merged_0073.jpg,ANONYMOUS-164.jpg,ANONYMOUS,ANONYMOUS
merged_0074.jpg,ANONYMOUS-165.jpg,ANONYMOUS,ANONYMOUS
merged_0075.jpg,ANONYMOUS-166.jpg,ANONYMOUS,ANONYMOUS
merged_0076.jpg,ANONYMOUS-167.jpg,ANONYMOUS,ANONYMOUS
merged_0077.jpg,ANONYMOUS-168.jpg,ANONYMOUS,ANONYMOUS
merged_0078.jpg,ANONYMOUS-169.jpg,ANONYMOUS,ANONYMOUS
merged_0079.jpg,ANONYMOUS-17.jpg,ANONYMOUS,ANONYMOUS
merged_0080.jpg,ANONYMOUS-170.jpg,ANONYMOUS,ANONYMOUS
merged_0081.jpg,ANONYMOUS-171.jpg,ANONYMOUS,ANONYMOUS
merged_0082.jpg,ANONYMOUS-172.jpg,ANONYMOUS,ANONYMOUS
merged_0083.jpg,ANONYMOUS-173.jpg,ANONYMOUS,ANONYMOUS
merged_0084.jpg,ANONYMOUS-174.jpg,ANONYMOUS,ANONYMOUS
merged_0085.jpg,ANONYMOUS-175.jpg,ANONYMOUS,ANONYMOUS
merged_0086.jpg,ANONYMOUS-176.jpg,ANONYMOUS,ANONYMOUS
merged_0087.jpg,ANONYMOUS-177.jpg,ANONYMOUS,ANONYMOUS
merged_0088.jpg,ANONYMOUS-178.jpg,ANONYMOUS,ANONYMOUS
merged_0089.jpg,ANONYMOUS-179.jpg,ANONYMOUS,ANONYMOUS
merged_0090.jpg,ANONYMOUS-18.jpg,ANONYMOUS,ANONYMOUS
merged_0091.jpg,ANONYMOUS-180.jpg,ANONYMOUS,ANONYMOUS
merged_0092.jpg,ANONYMOUS-181.jpg,ANONYMOUS,ANONYMOUS
merged_0093.jpg,ANONYMOUS-182.jpg,ANONYMOUS,ANONYMOUS
merged_0094.jpg,ANONYMOUS-183.jpg,ANONYMOUS,ANONYMOUS
merged_0095.jpg,ANONYMOUS-184.jpg,ANONYMOUS,ANONYMOUS
merged_0096.jpg,ANONYMOUS-185.jpg,ANONYMOUS,ANONYMOUS
merged_0097.jpg,ANONYMOUS-186.jpg,ANONYMOUS,ANONYMOUS
merged_0098.jpg,ANONYMOUS-187.jpg,ANONYMOUS,ANONYMOUS
merged_0099.jpg,ANONYMOUS-188.jpg,ANONYMOUS,ANONYMOUS
merged_0100.jpg,ANONYMOUS-189.jpg,ANONYMOUS,ANONYMOUS
merged_0101.jpg,ANONYMOUS-19.jpg,ANONYMOUS,ANONYMOUS
merged_0102.jpg,ANONYMOUS-190.jpg,ANONYMOUS,ANONYMOUS
merged_0103.jpg,ANONYMOUS-191.jpg,ANONYMOUS,ANONYMOUS
merged_0104.jpg,ANONYMOUS-192.jpg,ANONYMOUS,ANONYMOUS
merged_0105.jpg,ANONYMOUS-193.jpg,ANONYMOUS,ANONYMOUS
merged_0106.jpg,ANONYMOUS-194.jpg,ANONYMOUS,ANONYMOUS
merged_0107.jpg,ANONYMOUS-195.jpg,ANONYMOUS,ANONYMOUS
merged_0108.jpg,ANONYMOUS-196.jpg,ANONYMOUS,ANONYMOUS
merged_0109.jpg,ANONYMOUS-197.jpg,ANONYMOUS,ANONYMOUS
merged_0110.jpg,ANONYMOUS-198.jpg,ANONYMOUS,ANONYMOUS
merged_0111.jpg,ANONYMOUS-199.jpg,ANONYMOUS,ANONYMOUS
merged_0112.jpg,ANONYMOUS-2.jpg,ANONYMOUS,ANONYMOUS
merged_0113.jpg,ANONYMOUS-20.jpg,ANONYMOUS,ANONYMOUS
merged_0114.jpg,ANONYMOUS-200.jpg,ANONYMOUS,ANONYMOUS
merged_0115.jpg,ANONYMOUS-201.jpg,ANONYMOUS,ANONYMOUS
merged_0116.jpg,ANONYMOUS-202.jpg,ANONYMOUS,ANONYMOUS
merged_0117.jpg,ANONYMOUS-203.jpg,ANONYMOUS,ANONYMOUS
merged_0118.jpg,ANONYMOUS-204.jpg,ANONYMOUS,ANONYMOUS
merged_0119.jpg,ANONYMOUS-205.jpg,ANONYMOUS,ANONYMOUS
merged_0120.jpg,ANONYMOUS-206.jpg,ANONYMOUS,ANONYMOUS
merged_0121.jpg,ANONYMOUS-207.jpg,ANONYMOUS,ANONYMOUS
merged_0122.jpg,ANONYMOUS-208.jpg,ANONYMOUS,ANONYMOUS
merged_0123.jpg,ANONYMOUS-209.jpg,ANONYMOUS,ANONYMOUS
merged_0124.jpg,ANONYMOUS-21.jpg,ANONYMOUS,ANONYMOUS
merged_0125.jpg,ANONYMOUS-210.jpg,ANONYMOUS,ANONYMOUS
merged_0126.jpg,ANONYMOUS-211.jpg,ANONYMOUS,ANONYMOUS
merged_0127.jpg,ANONYMOUS-212.jpg,ANONYMOUS,ANONYMOUS
merged_0128.jpg,ANONYMOUS-213.jpg,ANONYMOUS,ANONYMOUS
merged_0129.jpg,ANONYMOUS-214.jpg,ANONYMOUS,ANONYMOUS
merged_0130.jpg,ANONYMOUS-215.jpg,ANONYMOUS,ANONYMOUS
merged_0131.jpg,ANONYMOUS-216.jpg,ANONYMOUS,ANONYMOUS
merged_0132.jpg,ANONYMOUS-217.jpg,ANONYMOUS,ANONYMOUS
merged_0133.jpg,ANONYMOUS-218.jpg,ANONYMOUS,ANONYMOUS
merged_0134.jpg,ANONYMOUS-219.jpg,ANONYMOUS,ANONYMOUS
merged_0135.jpg,ANONYMOUS-22.jpg,ANONYMOUS,ANONYMOUS
merged_0136.jpg,ANONYMOUS-220.jpg,ANONYMOUS,ANONYMOUS
merged_0137.jpg,ANONYMOUS-221.jpg,ANONYMOUS,ANONYMOUS
merged_0138.jpg,ANONYMOUS-222.jpg,ANONYMOUS,ANONYMOUS
merged_0139.jpg,ANONYMOUS-223.jpg,ANONYMOUS,ANONYMOUS
merged_0140.jpg,ANONYMOUS-224.jpg,ANONYMOUS,ANONYMOUS
merged_0141.jpg,ANONYMOUS-225.jpg,ANONYMOUS,ANONYMOUS
merged_0142.jpg,ANONYMOUS-226.jpg,ANONYMOUS,ANONYMOUS
merged_0143.jpg,ANONYMOUS-227.jpg,ANONYMOUS,ANONYMOUS
merged_0144.jpg,ANONYMOUS-228.jpg,ANONYMOUS,ANONYMOUS
merged_0145.jpg,ANONYMOUS-229.jpg,ANONYMOUS,ANONYMOUS
merged_0146.jpg,ANONYMOUS-23.jpg,ANONYMOUS,ANONYMOUS
merged_0147.jpg,ANONYMOUS-230.jpg,ANONYMOUS,ANONYMOUS
merged_0148.jpg,ANONYMOUS-231.jpg,ANONYMOUS,ANONYMOUS
merged_0149.jpg,ANONYMOUS-232.jpg,ANONYMOUS,ANONYMOUS
merged_0150.jpg,ANONYMOUS-233.jpg,ANONYMOUS,ANONYMOUS
merged_0151.jpg,ANONYMOUS-234.jpg,ANONYMOUS,ANONYMOUS
merged_0152.jpg,ANONYMOUS-235.jpg,ANONYMOUS,ANONYMOUS
merged_0153.jpg,ANONYMOUS-236.jpg,ANONYMOUS,ANONYMOUS
merged_0154.jpg,ANONYMOUS-237.jpg,ANONYMOUS,ANONYMOUS
merged_0155.jpg,ANONYMOUS-238.jpg,ANONYMOUS,ANONYMOUS
merged_0156.jpg,ANONYMOUS-239.jpg,ANONYMOUS,ANONYMOUS
merged_0157.jpg,ANONYMOUS-24.jpg,ANONYMOUS,ANONYMOUS
merged_0158.jpg,ANONYMOUS-240.jpg,ANONYMOUS,ANONYMOUS
merged_0159.jpg,ANONYMOUS-241.jpg,ANONYMOUS,ANONYMOUS
merged_0160.jpg,ANONYMOUS-242.jpg,ANONYMOUS,ANONYMOUS
merged_0161.jpg,ANONYMOUS-243.jpg,ANONYMOUS,ANONYMOUS
merged_0162.jpg,ANONYMOUS-244.jpg,ANONYMOUS,ANONYMOUS
merged_0163.jpg,ANONYMOUS-245.jpg,ANONYMOUS,ANONYMOUS
merged_0164.jpg,ANONYMOUS-246.jpg,ANONYMOUS,ANONYMOUS
merged_0165.jpg,ANONYMOUS-247.jpg,ANONYMOUS,ANONYMOUS
merged_0166.jpg,ANONYMOUS-248.jpg,ANONYMOUS,ANONYMOUS
merged_0167.jpg,ANONYMOUS-249.jpg,ANONYMOUS,ANONYMOUS
merged_0168.jpg,ANONYMOUS-25.jpg,ANONYMOUS,ANONYMOUS
merged_0169.jpg,ANONYMOUS-250.jpg,ANONYMOUS,ANONYMOUS
merged_0170.jpg,ANONYMOUS-251.jpg,ANONYMOUS,ANONYMOUS
merged_0171.jpg,ANONYMOUS-252.jpg,ANONYMOUS,ANONYMOUS
merged_0172.jpg,ANONYMOUS-253.jpg,ANONYMOUS,ANONYMOUS
merged_0173.jpg,ANONYMOUS-254.jpg,ANONYMOUS,ANONYMOUS
merged_0174.jpg,ANONYMOUS-255.jpg,ANONYMOUS,ANONYMOUS
merged_0175.jpg,ANONYMOUS-256.jpg,ANONYMOUS,ANONYMOUS
merged_0176.jpg,ANONYMOUS-257.jpg,ANONYMOUS,ANONYMOUS
merged_0177.jpg,ANONYMOUS-258.jpg,ANONYMOUS,ANONYMOUS
merged_0178.jpg,ANONYMOUS-259.jpg,ANONYMOUS,ANONYMOUS
merged_0179.jpg,ANONYMOUS-26.jpg,ANONYMOUS,ANONYMOUS
merged_0180.jpg,ANONYMOUS-260.jpg,ANONYMOUS,ANONYMOUS
merged_0181.jpg,ANONYMOUS-261.jpg,ANONYMOUS,ANONYMOUS
merged_0182.jpg,ANONYMOUS-262.jpg,ANONYMOUS,ANONYMOUS
merged_0183.jpg,ANONYMOUS-263.jpg,ANONYMOUS,ANONYMOUS
merged_0184.jpg,ANONYMOUS-264.jpg,ANONYMOUS,ANONYMOUS
merged_0185.jpg,ANONYMOUS-265.jpg,ANONYMOUS,ANONYMOUS
merged_0186.jpg,ANONYMOUS-266.jpg,ANONYMOUS,ANONYMOUS
merged_0187.jpg,ANONYMOUS-267.jpg,ANONYMOUS,ANONYMOUS
merged_0188.jpg,ANONYMOUS-268.jpg,ANONYMOUS,ANONYMOUS
merged_0189.jpg,ANONYMOUS-269.jpg,ANONYMOUS,ANONYMOUS
merged_0190.jpg,ANONYMOUS-27.jpg,ANONYMOUS,ANONYMOUS
merged_0191.jpg,ANONYMOUS-270.jpg,ANONYMOUS,ANONYMOUS
merged_0192.jpg,ANONYMOUS-271.jpg,ANONYMOUS,ANONYMOUS
merged_0193.jpg,ANONYMOUS-272.jpg,ANONYMOUS,ANONYMOUS
merged_0194.jpg,ANONYMOUS-273.jpg,ANONYMOUS,ANONYMOUS
merged_0195.jpg,ANONYMOUS-274.jpg,ANONYMOUS,ANONYMOUS
merged_0196.jpg,ANONYMOUS-275.jpg,ANONYMOUS,ANONYMOUS
merged_0197.jpg,ANONYMOUS-276.jpg,ANONYMOUS,ANONYMOUS
merged_0198.jpg,ANONYMOUS-277.jpg,ANONYMOUS,ANONYMOUS
merged_0199.jpg,ANONYMOUS-278.jpg,ANONYMOUS,ANONYMOUS
merged_0200.jpg,ANONYMOUS-279.jpg,ANONYMOUS,ANONYMOUS
merged_0201.jpg,ANONYMOUS-28.jpg,ANONYMOUS,ANONYMOUS
merged_0202.jpg,ANONYMOUS-280.jpg,ANONYMOUS,ANONYMOUS
merged_0203.jpg,ANONYMOUS-281.jpg,ANONYMOUS,ANONYMOUS
merged_0204.jpg,ANONYMOUS-282.jpg,ANONYMOUS,ANONYMOUS
merged_0205.jpg,ANONYMOUS-283.jpg,ANONYMOUS,ANONYMOUS
merged_0206.jpg,ANONYMOUS-284.jpg,ANONYMOUS,ANONYMOUS
merged_0207.jpg,ANONYMOUS-285.jpg,ANONYMOUS,ANONYMOUS
merged_0208.jpg,ANONYMOUS-286.jpg,ANONYMOUS,ANONYMOUS
merged_0209.jpg,ANONYMOUS-287.jpg,ANONYMOUS,ANONYMOUS
merged_0210.jpg,ANONYMOUS-288.jpg,ANONYMOUS,ANONYMOUS
merged_0211.jpg,ANONYMOUS-289.jpg,ANONYMOUS,ANONYMOUS
merged_0212.jpg,ANONYMOUS-29.jpg,ANONYMOUS,ANONYMOUS
merged_0213.jpg,ANONYMOUS-290.jpg,ANONYMOUS,ANONYMOUS
merged_0214.jpg,ANONYMOUS-291.jpg,ANONYMOUS,ANONYMOUS
merged_0215.jpg,ANONYMOUS-292.jpg,ANONYMOUS,ANONYMOUS
merged_0216.jpg,ANONYMOUS-293.jpg,ANONYMOUS,ANONYMOUS
merged_0217.jpg,ANONYMOUS-294.jpg,ANONYMOUS,ANONYMOUS
merged_0218.jpg,ANONYMOUS-295.jpg,ANONYMOUS,ANONYMOUS
merged_0219.jpg,ANONYMOUS-296.jpg,ANONYMOUS,ANONYMOUS
merged_0220.jpg,ANONYMOUS-297.jpg,ANONYMOUS,ANONYMOUS
merged_0221.jpg,ANONYMOUS-298.jpg,ANONYMOUS,ANONYMOUS
merged_0222.jpg,ANONYMOUS-299.jpg,ANONYMOUS,ANONYMOUS
merged_0223.jpg,ANONYMOUS-3.jpg,ANONYMOUS,ANONYMOUS
merged_0224.jpg,ANONYMOUS-30.jpg,ANONYMOUS,ANONYMOUS
merged_0225.jpg,ANONYMOUS-300.jpg,ANONYMOUS,ANONYMOUS
merged_0226.jpg,ANONYMOUS-301.jpg,ANONYMOUS,ANONYMOUS
merged_0227.jpg,ANONYMOUS-302.jpg,ANONYMOUS,ANONYMOUS
merged_0228.jpg,ANONYMOUS-303.jpg,ANONYMOUS,ANONYMOUS
merged_0229.jpg,ANONYMOUS-304.jpg,ANONYMOUS,ANONYMOUS
merged_0230.jpg,ANONYMOUS-305.jpg,ANONYMOUS,ANONYMOUS
merged_0231.jpg,ANONYMOUS-306.jpg,ANONYMOUS,ANONYMOUS
merged_0232.jpg,ANONYMOUS-307.jpg,ANONYMOUS,ANONYMOUS
merged_0233.jpg,ANONYMOUS-308.jpg,ANONYMOUS,ANONYMOUS
merged_0234.jpg,ANONYMOUS-309.jpg,ANONYMOUS,ANONYMOUS
merged_0235.jpg,ANONYMOUS-31.jpg,ANONYMOUS,ANONYMOUS
merged_0236.jpg,ANONYMOUS-310.jpg,ANONYMOUS,ANONYMOUS
merged_0237.jpg,ANONYMOUS-311.jpg,ANONYMOUS,ANONYMOUS
merged_0238.jpg,ANONYMOUS-312.jpg,ANONYMOUS,ANONYMOUS
merged_0239.jpg,ANONYMOUS-313.jpg,ANONYMOUS,ANONYMOUS
merged_0240.jpg,ANONYMOUS-314.jpg,ANONYMOUS,ANONYMOUS
merged_0241.jpg,ANONYMOUS-315.jpg,ANONYMOUS,ANONYMOUS
merged_0242.jpg,ANONYMOUS-316.jpg,ANONYMOUS,ANONYMOUS
merged_0243.jpg,ANONYMOUS-317.jpg,ANONYMOUS,ANONYMOUS
merged_0244.jpg,ANONYMOUS-318.jpg,ANONYMOUS,ANONYMOUS
merged_0245.jpg,ANONYMOUS-319.jpg,ANONYMOUS,ANONYMOUS
merged_0246.jpg,ANONYMOUS-32.jpg,ANONYMOUS,ANONYMOUS
merged_0247.jpg,ANONYMOUS-320.jpg,ANONYMOUS,ANONYMOUS
merged_0248.jpg,ANONYMOUS-321.jpg,ANONYMOUS,ANONYMOUS
merged_0249.jpg,ANONYMOUS-322.jpg,ANONYMOUS,ANONYMOUS
merged_0250.jpg,ANONYMOUS-323.jpg,ANONYMOUS,ANONYMOUS
merged_0251.jpg,ANONYMOUS-324.jpg,ANONYMOUS,ANONYMOUS
merged_0252.jpg,ANONYMOUS-325.jpg,ANONYMOUS,ANONYMOUS
merged_0253.jpg,ANONYMOUS-326.jpg,ANONYMOUS,ANONYMOUS
merged_0254.jpg,ANONYMOUS-327.jpg,ANONYMOUS,ANONYMOUS
merged_0255.jpg,ANONYMOUS-328.jpg,ANONYMOUS,ANONYMOUS
merged_0256.jpg,ANONYMOUS-329.jpg,ANONYMOUS,ANONYMOUS
merged_0257.jpg,ANONYMOUS-33.jpg,ANONYMOUS,ANONYMOUS
merged_0258.jpg,ANONYMOUS-330.jpg,ANONYMOUS,ANONYMOUS
merged_0259.jpg,ANONYMOUS-331.jpg,ANONYMOUS,ANONYMOUS
merged_0260.jpg,ANONYMOUS-332.jpg,ANONYMOUS,ANONYMOUS
merged_0261.jpg,ANONYMOUS-333.jpg,ANONYMOUS,ANONYMOUS
merged_0262.jpg,ANONYMOUS-334.jpg,ANONYMOUS,ANONYMOUS
merged_0263.jpg,ANONYMOUS-335.jpg,ANONYMOUS,ANONYMOUS
merged_0264.jpg,ANONYMOUS-336.jpg,ANONYMOUS,ANONYMOUS
merged_0265.jpg,ANONYMOUS-337.jpg,ANONYMOUS,ANONYMOUS
merged_0266.jpg,ANONYMOUS-338.jpg,ANONYMOUS,ANONYMOUS
merged_0267.jpg,ANONYMOUS-339.jpg,ANONYMOUS,ANONYMOUS
merged_0268.jpg,ANONYMOUS-34.jpg,ANONYMOUS,ANONYMOUS
merged_0269.jpg,ANONYMOUS-340.jpg,ANONYMOUS,ANONYMOUS
merged_0270.jpg,ANONYMOUS-341.jpg,ANONYMOUS,ANONYMOUS
merged_0271.jpg,ANONYMOUS-342.jpg,ANONYMOUS,ANONYMOUS
merged_0272.jpg,ANONYMOUS-343.jpg,ANONYMOUS,ANONYMOUS
merged_0273.jpg,ANONYMOUS-344.jpg,ANONYMOUS,ANONYMOUS
merged_0274.jpg,ANONYMOUS-345.jpg,ANONYMOUS,ANONYMOUS
merged_0275.jpg,ANONYMOUS-346.jpg,ANONYMOUS,ANONYMOUS
merged_0276.jpg,ANONYMOUS-347.jpg,ANONYMOUS,ANONYMOUS
merged_0277.jpg,ANONYMOUS-348.jpg,ANONYMOUS,ANONYMOUS
merged_0278.jpg,ANONYMOUS-349.jpg,ANONYMOUS,ANONYMOUS
merged_0279.jpg,ANONYMOUS-35.jpg,ANONYMOUS,ANONYMOUS
merged_0280.jpg,ANONYMOUS-350.jpg,ANONYMOUS,ANONYMOUS
merged_0281.jpg,ANONYMOUS-351.jpg,ANONYMOUS,ANONYMOUS
merged_0282.jpg,ANONYMOUS-352.jpg,ANONYMOUS,ANONYMOUS
merged_0283.jpg,ANONYMOUS-353.jpg,ANONYMOUS,ANONYMOUS
merged_0284.jpg,ANONYMOUS-354.jpg,ANONYMOUS,ANONYMOUS
merged_0285.jpg,ANONYMOUS-355.jpg,ANONYMOUS,ANONYMOUS
merged_0286.jpg,ANONYMOUS-356.jpg,ANONYMOUS,ANONYMOUS
merged_0287.jpg,ANONYMOUS-357.jpg,ANONYMOUS,ANONYMOUS
merged_0288.jpg,ANONYMOUS-358.jpg,ANONYMOUS,ANONYMOUS
merged_0289.jpg,ANONYMOUS-359.jpg,ANONYMOUS,ANONYMOUS
merged_0290.jpg,ANONYMOUS-36.jpg,ANONYMOUS,ANONYMOUS
merged_0291.jpg,ANONYMOUS-360.jpg,ANONYMOUS,ANONYMOUS
merged_0292.jpg,ANONYMOUS-361.jpg,ANONYMOUS,ANONYMOUS
merged_0293.jpg,ANONYMOUS-362.jpg,ANONYMOUS,ANONYMOUS
merged_0294.jpg,ANONYMOUS-363.jpg,ANONYMOUS,ANONYMOUS
merged_0295.jpg,ANONYMOUS-364.jpg,ANONYMOUS,ANONYMOUS
merged_0296.jpg,ANONYMOUS-365.jpg,ANONYMOUS,ANONYMOUS
merged_0297.jpg,ANONYMOUS-366.jpg,ANONYMOUS,ANONYMOUS
merged_0298.jpg,ANONYMOUS-367.jpg,ANONYMOUS,ANONYMOUS
merged_0299.jpg,ANONYMOUS-368.jpg,ANONYMOUS,ANONYMOUS
merged_0300.jpg,ANONYMOUS-369.jpg,ANONYMOUS,ANONYMOUS
merged_0301.jpg,ANONYMOUS-37.jpg,ANONYMOUS,ANONYMOUS
merged_0302.jpg,ANONYMOUS-370.jpg,ANONYMOUS,ANONYMOUS
merged_0303.jpg,ANONYMOUS-371.jpg,ANONYMOUS,ANONYMOUS
merged_0304.jpg,ANONYMOUS-372.jpg,ANONYMOUS,ANONYMOUS
merged_0305.jpg,ANONYMOUS-373.jpg,ANONYMOUS,ANONYMOUS
merged_0306.jpg,ANONYMOUS-374.jpg,ANONYMOUS,ANONYMOUS
merged_0307.jpg,ANONYMOUS-375.jpg,ANONYMOUS,ANONYMOUS
merged_0308.jpg,ANONYMOUS-376.jpg,ANONYMOUS,ANONYMOUS
merged_0309.jpg,ANONYMOUS-377.jpg,ANONYMOUS,ANONYMOUS
merged_0310.jpg,ANONYMOUS-378.jpg,ANONYMOUS,ANONYMOUS
merged_0311.jpg,ANONYMOUS-379.jpg,ANONYMOUS,ANONYMOUS
merged_0312.jpg,ANONYMOUS-38.jpg,ANONYMOUS,ANONYMOUS
merged_0313.jpg,ANONYMOUS-380.jpg,ANONYMOUS,ANONYMOUS
merged_0314.jpg,ANONYMOUS-381.jpg,ANONYMOUS,ANONYMOUS
merged_0315.jpg,ANONYMOUS-382.jpg,ANONYMOUS,ANONYMOUS
merged_0316.jpg,ANONYMOUS-383.jpg,ANONYMOUS,ANONYMOUS
merged_0317.jpg,ANONYMOUS-384.jpg,ANONYMOUS,ANONYMOUS
merged_0318.jpg,ANONYMOUS-385.jpg,ANONYMOUS,ANONYMOUS
merged_0319.jpg,ANONYMOUS-386.jpg,ANONYMOUS,ANONYMOUS
merged_0320.jpg,ANONYMOUS-387.jpg,ANONYMOUS,ANONYMOUS
merged_0321.jpg,ANONYMOUS-388.jpg,ANONYMOUS,ANONYMOUS
merged_0322.jpg,ANONYMOUS-389.jpg,ANONYMOUS,ANONYMOUS
merged_0323.jpg,ANONYMOUS-39.jpg,ANONYMOUS,ANONYMOUS
merged_0324.jpg,ANONYMOUS-390.jpg,ANONYMOUS,ANONYMOUS
merged_0325.jpg,ANONYMOUS-391.jpg,ANONYMOUS,ANONYMOUS
merged_0326.jpg,ANONYMOUS-392.jpg,ANONYMOUS,ANONYMOUS
merged_0327.jpg,ANONYMOUS-393.jpg,ANONYMOUS,ANONYMOUS
merged_0328.jpg,ANONYMOUS-394.jpg,ANONYMOUS,ANONYMOUS
merged_0329.jpg,ANONYMOUS-395.jpg,ANONYMOUS,ANONYMOUS
merged_0330.jpg,ANONYMOUS-396.jpg,ANONYMOUS,ANONYMOUS
merged_0331.jpg,ANONYMOUS-397.jpg,ANONYMOUS,ANONYMOUS
merged_0332.jpg,ANONYMOUS-398.jpg,ANONYMOUS,ANONYMOUS
merged_0333.jpg,ANONYMOUS-399.jpg,ANONYMOUS,ANONYMOUS
merged_0334.jpg,ANONYMOUS-4.jpg,ANONYMOUS,ANONYMOUS
merged_0335.jpg,ANONYMOUS-40.jpg,ANONYMOUS,ANONYMOUS
merged_0336.jpg,ANONYMOUS-400.jpg,ANONYMOUS,ANONYMOUS
merged_0337.jpg,ANONYMOUS-401.jpg,ANONYMOUS,ANONYMOUS
merged_0338.jpg,ANONYMOUS-402.jpg,ANONYMOUS,ANONYMOUS
merged_0339.jpg,ANONYMOUS-403.jpg,ANONYMOUS,ANONYMOUS
merged_0340.jpg,ANONYMOUS-404.jpg,ANONYMOUS,ANONYMOUS
merged_0341.jpg,ANONYMOUS-405.jpg,ANONYMOUS,ANONYMOUS
merged_0342.jpg,ANONYMOUS-406.jpg,ANONYMOUS,ANONYMOUS
merged_0343.jpg,ANONYMOUS-407.jpg,ANONYMOUS,ANONYMOUS
merged_0344.jpg,ANONYMOUS-408.jpg,ANONYMOUS,ANONYMOUS
merged_0345.jpg,ANONYMOUS-409.jpg,ANONYMOUS,ANONYMOUS
merged_0346.jpg,ANONYMOUS-41.jpg,ANONYMOUS,ANONYMOUS
merged_0347.jpg,ANONYMOUS-410.jpg,ANONYMOUS,ANONYMOUS
merged_0348.jpg,ANONYMOUS-411.jpg,ANONYMOUS,ANONYMOUS
merged_0349.jpg,ANONYMOUS-412.jpg,ANONYMOUS,ANONYMOUS
merged_0350.jpg,ANONYMOUS-413.jpg,ANONYMOUS,ANONYMOUS
merged_0351.jpg,ANONYMOUS-414.jpg,ANONYMOUS,ANONYMOUS
merged_0352.jpg,ANONYMOUS-415.jpg,ANONYMOUS,ANONYMOUS
merged_0353.jpg,ANONYMOUS-416.jpg,ANONYMOUS,ANONYMOUS
merged_0354.jpg,ANONYMOUS-417.jpg,ANONYMOUS,ANONYMOUS
merged_0355.jpg,ANONYMOUS-418.jpg,ANONYMOUS,ANONYMOUS
merged_0356.jpg,ANONYMOUS-419.jpg,ANONYMOUS,ANONYMOUS
merged_0357.jpg,ANONYMOUS-42.jpg,ANONYMOUS,ANONYMOUS
merged_0358.jpg,ANONYMOUS-420.jpg,ANONYMOUS,ANONYMOUS
merged_0359.jpg,ANONYMOUS-421.jpg,ANONYMOUS,ANONYMOUS
merged_0360.jpg,ANONYMOUS-422.jpg,ANONYMOUS,ANONYMOUS
merged_0361.jpg,ANONYMOUS-423.jpg,ANONYMOUS,ANONYMOUS
merged_0362.jpg,ANONYMOUS-424.jpg,ANONYMOUS,ANONYMOUS
merged_0363.jpg,ANONYMOUS-425.jpg,ANONYMOUS,ANONYMOUS
merged_0364.jpg,ANONYMOUS-426.jpg,ANONYMOUS,ANONYMOUS
merged_0365.jpg,ANONYMOUS-427.jpg,ANONYMOUS,ANONYMOUS
merged_0366.jpg,ANONYMOUS-428.jpg,ANONYMOUS,ANONYMOUS
merged_0367.jpg,ANONYMOUS-429.jpg,ANONYMOUS,ANONYMOUS
merged_0368.jpg,ANONYMOUS-43.jpg,ANONYMOUS,ANONYMOUS
merged_0369.jpg,ANONYMOUS-430.jpg,ANONYMOUS,ANONYMOUS
merged_0370.jpg,ANONYMOUS-431.jpg,ANONYMOUS,ANONYMOUS
merged_0371.jpg,ANONYMOUS-432.jpg,ANONYMOUS,ANONYMOUS
merged_0372.jpg,ANONYMOUS-433.jpg,ANONYMOUS,ANONYMOUS
merged_0373.jpg,ANONYMOUS-434.jpg,ANONYMOUS,ANONYMOUS
merged_0374.jpg,ANONYMOUS-435.jpg,ANONYMOUS,ANONYMOUS
merged_0375.jpg,ANONYMOUS-436.jpg,ANONYMOUS,ANONYMOUS
merged_0376.jpg,ANONYMOUS-437.jpg,ANONYMOUS,ANONYMOUS
merged_0377.jpg,ANONYMOUS-438.jpg,ANONYMOUS,ANONYMOUS
merged_0378.jpg,ANONYMOUS-439.jpg,ANONYMOUS,ANONYMOUS
merged_0379.jpg,ANONYMOUS-44.jpg,ANONYMOUS,ANONYMOUS
merged_0380.jpg,ANONYMOUS-440.jpg,ANONYMOUS,ANONYMOUS
merged_0381.jpg,ANONYMOUS-441.jpg,ANONYMOUS,ANONYMOUS
merged_0382.jpg,ANONYMOUS-442.jpg,ANONYMOUS,ANONYMOUS
merged_0383.jpg,ANONYMOUS-443.jpg,ANONYMOUS,ANONYMOUS
merged_0384.jpg,ANONYMOUS-444.jpg,ANONYMOUS,ANONYMOUS
merged_0385.jpg,ANONYMOUS-445.jpg,ANONYMOUS,ANONYMOUS
merged_0386.jpg,ANONYMOUS-446.jpg,ANONYMOUS,ANONYMOUS
merged_0387.jpg,ANONYMOUS-447.jpg,ANONYMOUS,ANONYMOUS
merged_0388.jpg,ANONYMOUS-448.jpg,ANONYMOUS,ANONYMOUS
merged_0389.jpg,ANONYMOUS-449.jpg,ANONYMOUS,ANONYMOUS
merged_0390.jpg,ANONYMOUS-45.jpg,ANONYMOUS,ANONYMOUS
merged_0391.jpg,ANONYMOUS-450.jpg,ANONYMOUS,ANONYMOUS
merged_0392.jpg,ANONYMOUS-451.jpg,ANONYMOUS,ANONYMOUS
merged_0393.jpg,ANONYMOUS-452.jpg,ANONYMOUS,ANONYMOUS
merged_0394.jpg,ANONYMOUS-453.jpg,ANONYMOUS,ANONYMOUS
merged_0395.jpg,ANONYMOUS-454.jpg,ANONYMOUS,ANONYMOUS
merged_0396.jpg,ANONYMOUS-455.jpg,ANONYMOUS,ANONYMOUS
merged_0397.jpg,ANONYMOUS-456.jpg,ANONYMOUS,ANONYMOUS
merged_0398.jpg,ANONYMOUS-457.jpg,ANONYMOUS,ANONYMOUS
merged_0399.jpg,ANONYMOUS-458.jpg,ANONYMOUS,ANONYMOUS
merged_0400.jpg,ANONYMOUS-459.jpg,ANONYMOUS,ANONYMOUS
merged_0401.jpg,ANONYMOUS-46.jpg,ANONYMOUS,ANONYMOUS
merged_0402.jpg,ANONYMOUS-460.jpg,ANONYMOUS,ANONYMOUS
merged_0403.jpg,ANONYMOUS-461.jpg,ANONYMOUS,ANONYMOUS
merged_0404.jpg,ANONYMOUS-462.jpg,ANONYMOUS,ANONYMOUS
merged_0405.jpg,ANONYMOUS-463.jpg,ANONYMOUS,ANONYMOUS
merged_0406.jpg,ANONYMOUS-464.jpg,ANONYMOUS,ANONYMOUS
merged_0407.jpg,ANONYMOUS-465.jpg,ANONYMOUS,ANONYMOUS
merged_0408.jpg,ANONYMOUS-466.jpg,ANONYMOUS,ANONYMOUS
merged_0409.jpg,ANONYMOUS-467.jpg,ANONYMOUS,ANONYMOUS
merged_0410.jpg,ANONYMOUS-468.jpg,ANONYMOUS,ANONYMOUS
merged_0411.jpg,ANONYMOUS-469.jpg,ANONYMOUS,ANONYMOUS
merged_0412.jpg,ANONYMOUS-47.jpg,ANONYMOUS,ANONYMOUS
merged_0413.jpg,ANONYMOUS-470.jpg,ANONYMOUS,ANONYMOUS
merged_0414.jpg,ANONYMOUS-471.jpg,ANONYMOUS,ANONYMOUS
merged_0415.jpg,ANONYMOUS-472.jpg,ANONYMOUS,ANONYMOUS
merged_0416.jpg,ANONYMOUS-473.jpg,ANONYMOUS,ANONYMOUS
merged_0417.jpg,ANONYMOUS-474.jpg,ANONYMOUS,ANONYMOUS
merged_0418.jpg,ANONYMOUS-475.jpg,ANONYMOUS,ANONYMOUS
merged_0419.jpg,ANONYMOUS-476.jpg,ANONYMOUS,ANONYMOUS
merged_0420.jpg,ANONYMOUS-477.jpg,ANONYMOUS,ANONYMOUS
merged_0421.jpg,ANONYMOUS-478.jpg,ANONYMOUS,ANONYMOUS
merged_0422.jpg,ANONYMOUS-479.jpg,ANONYMOUS,ANONYMOUS
merged_0423.jpg,ANONYMOUS-48.jpg,ANONYMOUS,ANONYMOUS
merged_0424.jpg,ANONYMOUS-480.jpg,ANONYMOUS,ANONYMOUS
merged_0425.jpg,ANONYMOUS-481.jpg,ANONYMOUS,ANONYMOUS
merged_0426.jpg,ANONYMOUS-482.jpg,ANONYMOUS,ANONYMOUS
merged_0427.jpg,ANONYMOUS-483.jpg,ANONYMOUS,ANONYMOUS
merged_0428.jpg,ANONYMOUS-484.jpg,ANONYMOUS,ANONYMOUS
merged_0429.jpg,ANONYMOUS-485.jpg,ANONYMOUS,ANONYMOUS
merged_0430.jpg,ANONYMOUS-486.jpg,ANONYMOUS,ANONYMOUS
merged_0431.jpg,ANONYMOUS-487.jpg,ANONYMOUS,ANONYMOUS
merged_0432.jpg,ANONYMOUS-488.jpg,ANONYMOUS,ANONYMOUS
merged_0433.jpg,ANONYMOUS-489.jpg,ANONYMOUS,ANONYMOUS
merged_0434.jpg,ANONYMOUS-49.jpg,ANONYMOUS,ANONYMOUS
merged_0435.jpg,ANONYMOUS-490.jpg,ANONYMOUS,ANONYMOUS
merged_0436.jpg,ANONYMOUS-491.jpg,ANONYMOUS,ANONYMOUS
merged_0437.jpg,ANONYMOUS-492.jpg,ANONYMOUS,ANONYMOUS
merged_0438.jpg,ANONYMOUS-493.jpg,ANONYMOUS,ANONYMOUS
merged_0439.jpg,ANONYMOUS-494.jpg,ANONYMOUS,ANONYMOUS
merged_0440.jpg,ANONYMOUS-495.jpg,ANONYMOUS,ANONYMOUS
merged_0441.jpg,ANONYMOUS-496.jpg,ANONYMOUS,ANONYMOUS
merged_0442.jpg,ANONYMOUS-497.jpg,ANONYMOUS,ANONYMOUS
merged_0443.jpg,ANONYMOUS-498.jpg,ANONYMOUS,ANONYMOUS
merged_0444.jpg,ANONYMOUS-499.jpg,ANONYMOUS,ANONYMOUS
merged_0445.jpg,ANONYMOUS-5.jpg,ANONYMOUS,ANONYMOUS
merged_0446.jpg,ANONYMOUS-50.jpg,ANONYMOUS,ANONYMOUS
merged_0447.jpg,ANONYMOUS-500.jpg,ANONYMOUS,ANONYMOUS
merged_0448.jpg,ANONYMOUS-501.jpg,ANONYMOUS,ANONYMOUS
merged_0449.jpg,ANONYMOUS-502.jpg,ANONYMOUS,ANONYMOUS
merged_0450.jpg,ANONYMOUS-503.jpg,ANONYMOUS,ANONYMOUS
merged_0451.jpg,ANONYMOUS-504.jpg,ANONYMOUS,ANONYMOUS
merged_0452.jpg,ANONYMOUS-505.jpg,ANONYMOUS,ANONYMOUS
merged_0453.jpg,ANONYMOUS-506.jpg,ANONYMOUS,ANONYMOUS
merged_0454.jpg,ANONYMOUS-507.jpg,ANONYMOUS,ANONYMOUS
merged_0455.jpg,ANONYMOUS-508.jpg,ANONYMOUS,ANONYMOUS
merged_0456.jpg,ANONYMOUS-509.jpg,ANONYMOUS,ANONYMOUS
merged_0457.jpg,ANONYMOUS-51.jpg,ANONYMOUS,ANONYMOUS
merged_0458.jpg,ANONYMOUS-510.jpg,ANONYMOUS,ANONYMOUS
merged_0459.jpg,ANONYMOUS-511.jpg,ANONYMOUS,ANONYMOUS
merged_0460.jpg,ANONYMOUS-512.jpg,ANONYMOUS,ANONYMOUS
merged_0461.jpg,ANONYMOUS-513.jpg,ANONYMOUS,ANONYMOUS
merged_0462.jpg,ANONYMOUS-514.jpg,ANONYMOUS,ANONYMOUS
merged_0463.jpg,ANONYMOUS-515.jpg,ANONYMOUS,ANONYMOUS
merged_0464.jpg,ANONYMOUS-516.jpg,ANONYMOUS,ANONYMOUS
merged_0465.jpg,ANONYMOUS-517.jpg,ANONYMOUS,ANONYMOUS
merged_0466.jpg,ANONYMOUS-518.jpg,ANONYMOUS,ANONYMOUS
merged_0467.jpg,ANONYMOUS-519.jpg,ANONYMOUS,ANONYMOUS
merged_0468.jpg,ANONYMOUS-52.jpg,ANONYMOUS,ANONYMOUS
merged_0469.jpg,ANONYMOUS-520.jpg,ANONYMOUS,ANONYMOUS
merged_0470.jpg,ANONYMOUS-521.jpg,ANONYMOUS,ANONYMOUS
merged_0471.jpg,ANONYMOUS-522.jpg,ANONYMOUS,ANONYMOUS
merged_0472.jpg,ANONYMOUS-523.jpg,ANONYMOUS,ANONYMOUS
merged_0473.jpg,ANONYMOUS-524.jpg,ANONYMOUS,ANONYMOUS
merged_0474.jpg,ANONYMOUS-525.jpg,ANONYMOUS,ANONYMOUS
merged_0475.jpg,ANONYMOUS-526.jpg,ANONYMOUS,ANONYMOUS
merged_0476.jpg,ANONYMOUS-527.jpg,ANONYMOUS,ANONYMOUS
merged_0477.jpg,ANONYMOUS-528.jpg,ANONYMOUS,ANONYMOUS
merged_0478.jpg,ANONYMOUS-529.jpg,ANONYMOUS,ANONYMOUS
merged_0479.jpg,ANONYMOUS-53.jpg,ANONYMOUS,ANONYMOUS
merged_0480.jpg,ANONYMOUS-530.jpg,ANONYMOUS,ANONYMOUS
merged_0481.jpg,ANONYMOUS-531.jpg,ANONYMOUS,ANONYMOUS
merged_0482.jpg,ANONYMOUS-532.jpg,ANONYMOUS,ANONYMOUS
merged_0483.jpg,ANONYMOUS-533.jpg,ANONYMOUS,ANONYMOUS
merged_0484.jpg,ANONYMOUS-534.jpg,ANONYMOUS,ANONYMOUS
merged_0485.jpg,ANONYMOUS-535.jpg,ANONYMOUS,ANONYMOUS
merged_0486.jpg,ANONYMOUS-536.jpg,ANONYMOUS,ANONYMOUS
merged_0487.jpg,ANONYMOUS-537.jpg,ANONYMOUS,ANONYMOUS
merged_0488.jpg,ANONYMOUS-538.jpg,ANONYMOUS,ANONYMOUS
merged_0489.jpg,ANONYMOUS-539.jpg,ANONYMOUS,ANONYMOUS
merged_0490.jpg,ANONYMOUS-54.jpg,ANONYMOUS,ANONYMOUS
merged_0491.jpg,ANONYMOUS-540.jpg,ANONYMOUS,ANONYMOUS
merged_0492.jpg,ANONYMOUS-541.jpg,ANONYMOUS,ANONYMOUS
merged_0493.jpg,ANONYMOUS-542.jpg,ANONYMOUS,ANONYMOUS
merged_0494.jpg,ANONYMOUS-543.jpg,ANONYMOUS,ANONYMOUS
merged_0495.jpg,ANONYMOUS-544.jpg,ANONYMOUS,ANONYMOUS
merged_0496.jpg,ANONYMOUS-545.jpg,ANONYMOUS,ANONYMOUS
merged_0497.jpg,ANONYMOUS-546.jpg,ANONYMOUS,ANONYMOUS
merged_0498.jpg,ANONYMOUS-547.jpg,ANONYMOUS,ANONYMOUS
merged_0499.jpg,ANONYMOUS-548.jpg,ANONYMOUS,ANONYMOUS
merged_0500.jpg,ANONYMOUS-549.jpg,ANONYMOUS,ANONYMOUS
merged_0501.jpg,ANONYMOUS-55.jpg,ANONYMOUS,ANONYMOUS
merged_0502.jpg,ANONYMOUS-550.jpg,ANONYMOUS,ANONYMOUS
merged_0503.jpg,ANONYMOUS-551.jpg,ANONYMOUS,ANONYMOUS
merged_0504.jpg,ANONYMOUS-552.jpg,ANONYMOUS,ANONYMOUS
merged_0505.jpg,ANONYMOUS-553.jpg,ANONYMOUS,ANONYMOUS
merged_0506.jpg,ANONYMOUS-554.jpg,ANONYMOUS,ANONYMOUS
merged_0507.jpg,ANONYMOUS-555.jpg,ANONYMOUS,ANONYMOUS
merged_0508.jpg,ANONYMOUS-556.jpg,ANONYMOUS,ANONYMOUS
merged_0509.jpg,ANONYMOUS-557.jpg,ANONYMOUS,ANONYMOUS
merged_0510.jpg,ANONYMOUS-558.jpg,ANONYMOUS,ANONYMOUS
merged_0511.jpg,ANONYMOUS-559.jpg,ANONYMOUS,ANONYMOUS
merged_0512.jpg,ANONYMOUS-56.jpg,ANONYMOUS,ANONYMOUS
merged_0513.jpg,ANONYMOUS-560.jpg,ANONYMOUS,ANONYMOUS
merged_0514.jpg,ANONYMOUS-561.jpg,ANONYMOUS,ANONYMOUS
merged_0515.jpg,ANONYMOUS-562.jpg,ANONYMOUS,ANONYMOUS
merged_0516.jpg,ANONYMOUS-563.jpg,ANONYMOUS,ANONYMOUS
merged_0517.jpg,ANONYMOUS-564.jpg,ANONYMOUS,ANONYMOUS
merged_0518.jpg,ANONYMOUS-565.jpg,ANONYMOUS,ANONYMOUS
merged_0519.jpg,ANONYMOUS-566.jpg,ANONYMOUS,ANONYMOUS
merged_0520.jpg,ANONYMOUS-567.jpg,ANONYMOUS,ANONYMOUS
merged_0521.jpg,ANONYMOUS-568.jpg,ANONYMOUS,ANONYMOUS
merged_0522.jpg,ANONYMOUS-569.jpg,ANONYMOUS,ANONYMOUS
merged_0523.jpg,ANONYMOUS-57.jpg,ANONYMOUS,ANONYMOUS
merged_0524.jpg,ANONYMOUS-570.jpg,ANONYMOUS,ANONYMOUS
merged_0525.jpg,ANONYMOUS-571.jpg,ANONYMOUS,ANONYMOUS
merged_0526.jpg,ANONYMOUS-572.jpg,ANONYMOUS,ANONYMOUS
merged_0527.jpg,ANONYMOUS-573.jpg,ANONYMOUS,ANONYMOUS
merged_0528.jpg,ANONYMOUS-574.jpg,ANONYMOUS,ANONYMOUS
merged_0529.jpg,ANONYMOUS-575.jpg,ANONYMOUS,ANONYMOUS
merged_0530.jpg,ANONYMOUS-576.jpg,ANONYMOUS,ANONYMOUS
merged_0531.jpg,ANONYMOUS-577.jpg,ANONYMOUS,ANONYMOUS
merged_0532.jpg,ANONYMOUS-578.jpg,ANONYMOUS,ANONYMOUS
merged_0533.jpg,ANONYMOUS-579.jpg,ANONYMOUS,ANONYMOUS
merged_0534.jpg,ANONYMOUS-58.jpg,ANONYMOUS,ANONYMOUS
merged_0535.jpg,ANONYMOUS-580.jpg,ANONYMOUS,ANONYMOUS
merged_0536.jpg,ANONYMOUS-581.jpg,ANONYMOUS,ANONYMOUS
merged_0537.jpg,ANONYMOUS-582.jpg,ANONYMOUS,ANONYMOUS
merged_0538.jpg,ANONYMOUS-583.jpg,ANONYMOUS,ANONYMOUS
merged_0539.jpg,ANONYMOUS-584.jpg,ANONYMOUS,ANONYMOUS
merged_0540.jpg,ANONYMOUS-585.jpg,ANONYMOUS,ANONYMOUS
merged_0541.jpg,ANONYMOUS-586.jpg,ANONYMOUS,ANONYMOUS
merged_0542.jpg,ANONYMOUS-587.jpg,ANONYMOUS,ANONYMOUS
merged_0543.jpg,ANONYMOUS-588.jpg,ANONYMOUS,ANONYMOUS
merged_0544.jpg,ANONYMOUS-589.jpg,ANONYMOUS,ANONYMOUS
merged_0545.jpg,ANONYMOUS-59.jpg,ANONYMOUS,ANONYMOUS
merged_0546.jpg,ANONYMOUS-590.jpg,ANONYMOUS,ANONYMOUS
merged_0547.jpg,ANONYMOUS-591.jpg,ANONYMOUS,ANONYMOUS
merged_0548.jpg,ANONYMOUS-592.jpg,ANONYMOUS,ANONYMOUS
merged_0549.jpg,ANONYMOUS-593.jpg,ANONYMOUS,ANONYMOUS
merged_0550.jpg,ANONYMOUS-594.jpg,ANONYMOUS,ANONYMOUS
merged_0551.jpg,ANONYMOUS-595.jpg,ANONYMOUS,ANONYMOUS
merged_0552.jpg,ANONYMOUS-596.jpg,ANONYMOUS,ANONYMOUS
merged_0553.jpg,ANONYMOUS-597.jpg,ANONYMOUS,ANONYMOUS
merged_0554.jpg,ANONYMOUS-598.jpg,ANONYMOUS,ANONYMOUS
merged_0555.jpg,ANONYMOUS-599.jpg,ANONYMOUS,ANONYMOUS
merged_0556.jpg,ANONYMOUS-6.jpg,ANONYMOUS,ANONYMOUS
merged_0557.jpg,ANONYMOUS-60.jpg,ANONYMOUS,ANONYMOUS
merged_0558.jpg,ANONYMOUS-600.jpg,ANONYMOUS,ANONYMOUS
merged_0559.jpg,ANONYMOUS-601.jpg,ANONYMOUS,ANONYMOUS
merged_0560.jpg,ANONYMOUS-602.jpg,ANONYMOUS,ANONYMOUS
merged_0561.jpg,ANONYMOUS-603.jpg,ANONYMOUS,ANONYMOUS
merged_0562.jpg,ANONYMOUS-604.jpg,ANONYMOUS,ANONYMOUS
merged_0563.jpg,ANONYMOUS-605.jpg,ANONYMOUS,ANONYMOUS
merged_0564.jpg,ANONYMOUS-606.jpg,ANONYMOUS,ANONYMOUS
merged_0565.jpg,ANONYMOUS-607.jpg,ANONYMOUS,ANONYMOUS
merged_0566.jpg,ANONYMOUS-608.jpg,ANONYMOUS,ANONYMOUS
merged_0567.jpg,ANONYMOUS-609.jpg,ANONYMOUS,ANONYMOUS
merged_0568.jpg,ANONYMOUS-61.jpg,ANONYMOUS,ANONYMOUS
merged_0569.jpg,ANONYMOUS-610.jpg,ANONYMOUS,ANONYMOUS
merged_0570.jpg,ANONYMOUS-611.jpg,ANONYMOUS,ANONYMOUS
merged_0571.jpg,ANONYMOUS-612.jpg,ANONYMOUS,ANONYMOUS
merged_0572.jpg,ANONYMOUS-613.jpg,ANONYMOUS,ANONYMOUS
merged_0573.jpg,ANONYMOUS-614.jpg,ANONYMOUS,ANONYMOUS
merged_0574.jpg,ANONYMOUS-615.jpg,ANONYMOUS,ANONYMOUS
merged_0575.jpg,ANONYMOUS-616.jpg,ANONYMOUS,ANONYMOUS
merged_0576.jpg,ANONYMOUS-617.jpg,ANONYMOUS,ANONYMOUS
merged_0577.jpg,ANONYMOUS-618.jpg,ANONYMOUS,ANONYMOUS
merged_0578.jpg,ANONYMOUS-619.jpg,ANONYMOUS,ANONYMOUS
merged_0579.jpg,ANONYMOUS-62.jpg,ANONYMOUS,ANONYMOUS
merged_0580.jpg,ANONYMOUS-620.jpg,ANONYMOUS,ANONYMOUS
merged_0581.jpg,ANONYMOUS-621.jpg,ANONYMOUS,ANONYMOUS
merged_0582.jpg,ANONYMOUS-622.jpg,ANONYMOUS,ANONYMOUS
merged_0583.jpg,ANONYMOUS-623.jpg,ANONYMOUS,ANONYMOUS
merged_0584.jpg,ANONYMOUS-624.jpg,ANONYMOUS,ANONYMOUS
merged_0585.jpg,ANONYMOUS-625.jpg,ANONYMOUS,ANONYMOUS
merged_0586.jpg,ANONYMOUS-626.jpg,ANONYMOUS,ANONYMOUS
merged_0587.jpg,ANONYMOUS-627.jpg,ANONYMOUS,ANONYMOUS
merged_0588.jpg,ANONYMOUS-628.jpg,ANONYMOUS,ANONYMOUS
merged_0589.jpg,ANONYMOUS-629.jpg,ANONYMOUS,ANONYMOUS
merged_0590.jpg,ANONYMOUS-63.jpg,ANONYMOUS,ANONYMOUS
merged_0591.jpg,ANONYMOUS-630.jpg,ANONYMOUS,ANONYMOUS
merged_0592.jpg,ANONYMOUS-631.jpg,ANONYMOUS,ANONYMOUS
merged_0593.jpg,ANONYMOUS-632.jpg,ANONYMOUS,ANONYMOUS
merged_0594.jpg,ANONYMOUS-633.jpg,ANONYMOUS,ANONYMOUS
merged_0595.jpg,ANONYMOUS-634.jpg,ANONYMOUS,ANONYMOUS
merged_0596.jpg,ANONYMOUS-635.jpg,ANONYMOUS,ANONYMOUS
merged_0597.jpg,ANONYMOUS-636.jpg,ANONYMOUS,ANONYMOUS
merged_0598.jpg,ANONYMOUS-637.jpg,ANONYMOUS,ANONYMOUS
merged_0599.jpg,ANONYMOUS-638.jpg,ANONYMOUS,ANONYMOUS
merged_0600.jpg,ANONYMOUS-639.jpg,ANONYMOUS,ANONYMOUS
merged_0601.jpg,ANONYMOUS-64.jpg,ANONYMOUS,ANONYMOUS
merged_0602.jpg,ANONYMOUS-640.jpg,ANONYMOUS,ANONYMOUS
merged_0603.jpg,ANONYMOUS-641.jpg,ANONYMOUS,ANONYMOUS
merged_0604.jpg,ANONYMOUS-642.jpg,ANONYMOUS,ANONYMOUS
merged_0605.jpg,ANONYMOUS-643.jpg,ANONYMOUS,ANONYMOUS
merged_0606.jpg,ANONYMOUS-644.jpg,ANONYMOUS,ANONYMOUS
merged_0607.jpg,ANONYMOUS-645.jpg,ANONYMOUS,ANONYMOUS
merged_0608.jpg,ANONYMOUS-646.jpg,ANONYMOUS,ANONYMOUS
merged_0609.jpg,ANONYMOUS-647.jpg,ANONYMOUS,ANONYMOUS
merged_0610.jpg,ANONYMOUS-648.jpg,ANONYMOUS,ANONYMOUS
merged_0611.jpg,ANONYMOUS-649.jpg,ANONYMOUS,ANONYMOUS
merged_0612.jpg,ANONYMOUS-65.jpg,ANONYMOUS,ANONYMOUS
merged_0613.jpg,ANONYMOUS-650.jpg,ANONYMOUS,ANONYMOUS
merged_0614.jpg,ANONYMOUS-651.jpg,ANONYMOUS,ANONYMOUS
merged_0615.jpg,ANONYMOUS-652.jpg,ANONYMOUS,ANONYMOUS
merged_0616.jpg,ANONYMOUS-653.jpg,ANONYMOUS,ANONYMOUS
merged_0617.jpg,ANONYMOUS-654.jpg,ANONYMOUS,ANONYMOUS
merged_0618.jpg,ANONYMOUS-655.jpg,ANONYMOUS,ANONYMOUS
merged_0619.jpg,ANONYMOUS-656.jpg,ANONYMOUS,ANONYMOUS
merged_0620.jpg,ANONYMOUS-657.jpg,ANONYMOUS,ANONYMOUS
merged_0621.jpg,ANONYMOUS-658.jpg,ANONYMOUS,ANONYMOUS
merged_0622.jpg,ANONYMOUS-659.jpg,ANONYMOUS,ANONYMOUS
merged_0623.jpg,ANONYMOUS-66.jpg,ANONYMOUS,ANONYMOUS
merged_0624.jpg,ANONYMOUS-660.jpg,ANONYMOUS,ANONYMOUS
merged_0625.jpg,ANONYMOUS-661.jpg,ANONYMOUS,ANONYMOUS
merged_0626.jpg,ANONYMOUS-662.jpg,ANONYMOUS,ANONYMOUS
merged_0627.jpg,ANONYMOUS-663.jpg,ANONYMOUS,ANONYMOUS
merged_0628.jpg,ANONYMOUS-664.jpg,ANONYMOUS,ANONYMOUS
merged_0629.jpg,ANONYMOUS-665.jpg,ANONYMOUS,ANONYMOUS
merged_0630.jpg,ANONYMOUS-666.jpg,ANONYMOUS,ANONYMOUS
merged_0631.jpg,ANONYMOUS-667.jpg,ANONYMOUS,ANONYMOUS
merged_0632.jpg,ANONYMOUS-668.jpg,ANONYMOUS,ANONYMOUS
merged_0633.jpg,ANONYMOUS-669.jpg,ANONYMOUS,ANONYMOUS
merged_0634.jpg,ANONYMOUS-67.jpg,ANONYMOUS,ANONYMOUS
merged_0635.jpg,ANONYMOUS-670.jpg,ANONYMOUS,ANONYMOUS
merged_0636.jpg,ANONYMOUS-671.jpg,ANONYMOUS,ANONYMOUS
merged_0637.jpg,ANONYMOUS-672.jpg,ANONYMOUS,ANONYMOUS
merged_0638.jpg,ANONYMOUS-673.jpg,ANONYMOUS,ANONYMOUS
merged_0639.jpg,ANONYMOUS-674.jpg,ANONYMOUS,ANONYMOUS
merged_0640.jpg,ANONYMOUS-675.jpg,ANONYMOUS,ANONYMOUS
merged_0641.jpg,ANONYMOUS-676.jpg,ANONYMOUS,ANONYMOUS
merged_0642.jpg,ANONYMOUS-677.jpg,ANONYMOUS,ANONYMOUS
merged_0643.jpg,ANONYMOUS-678.jpg,ANONYMOUS,ANONYMOUS
merged_0644.jpg,ANONYMOUS-679.jpg,ANONYMOUS,ANONYMOUS
merged_0645.jpg,ANONYMOUS-68.jpg,ANONYMOUS,ANONYMOUS
merged_0646.jpg,ANONYMOUS-680.jpg,ANONYMOUS,ANONYMOUS
merged_0647.jpg,ANONYMOUS-681.jpg,ANONYMOUS,ANONYMOUS
merged_0648.jpg,ANONYMOUS-682.jpg,ANONYMOUS,ANONYMOUS
merged_0649.jpg,ANONYMOUS-683.jpg,ANONYMOUS,ANONYMOUS
merged_0650.jpg,ANONYMOUS-684.jpg,ANONYMOUS,ANONYMOUS
merged_0651.jpg,ANONYMOUS-685.jpg,ANONYMOUS,ANONYMOUS
merged_0652.jpg,ANONYMOUS-686.jpg,ANONYMOUS,ANONYMOUS
merged_0653.jpg,ANONYMOUS-687.jpg,ANONYMOUS,ANONYMOUS
merged_0654.jpg,ANONYMOUS-688.jpg,ANONYMOUS,ANONYMOUS
merged_0655.jpg,ANONYMOUS-689.jpg,ANONYMOUS,ANONYMOUS
merged_0656.jpg,ANONYMOUS-69.jpg,ANONYMOUS,ANONYMOUS
merged_0657.jpg,ANONYMOUS-690.jpg,ANONYMOUS,ANONYMOUS
merged_0658.jpg,ANONYMOUS-691.jpg,ANONYMOUS,ANONYMOUS
merged_0659.jpg,ANONYMOUS-692.jpg,ANONYMOUS,ANONYMOUS
merged_0660.jpg,ANONYMOUS-693.jpg,ANONYMOUS,ANONYMOUS
merged_0661.jpg,ANONYMOUS-694.jpg,ANONYMOUS,ANONYMOUS
merged_0662.jpg,ANONYMOUS-695.jpg,ANONYMOUS,ANONYMOUS
merged_0663.jpg,ANONYMOUS-696.jpg,ANONYMOUS,ANONYMOUS
merged_0664.jpg,ANONYMOUS-697.jpg,ANONYMOUS,ANONYMOUS
merged_0665.jpg,ANONYMOUS-698.jpg,ANONYMOUS,ANONYMOUS
merged_0666.jpg,ANONYMOUS-699.jpg,ANONYMOUS,ANONYMOUS
merged_0667.jpg,ANONYMOUS-7.jpg,ANONYMOUS,ANONYMOUS
merged_0668.jpg,ANONYMOUS-70.jpg,ANONYMOUS,ANONYMOUS
merged_0669.jpg,ANONYMOUS-700.jpg,ANONYMOUS,ANONYMOUS
merged_0670.jpg,ANONYMOUS-701.jpg,ANONYMOUS,ANONYMOUS
merged_0671.jpg,ANONYMOUS-702.jpg,ANONYMOUS,ANONYMOUS
merged_0672.jpg,ANONYMOUS-703.jpg,ANONYMOUS,ANONYMOUS
merged_0673.jpg,ANONYMOUS-704.jpg,ANONYMOUS,ANONYMOUS
merged_0674.jpg,ANONYMOUS-705.jpg,ANONYMOUS,ANONYMOUS
merged_0675.jpg,ANONYMOUS-706.jpg,ANONYMOUS,ANONYMOUS
merged_0676.jpg,ANONYMOUS-707.jpg,ANONYMOUS,ANONYMOUS
merged_0677.jpg,ANONYMOUS-708.jpg,ANONYMOUS,ANONYMOUS
merged_0678.jpg,ANONYMOUS-709.jpg,ANONYMOUS,ANONYMOUS
merged_0679.jpg,ANONYMOUS-71.jpg,ANONYMOUS,ANONYMOUS
merged_0680.jpg,ANONYMOUS-710.jpg,ANONYMOUS,ANONYMOUS
merged_0681.jpg,ANONYMOUS-711.jpg,ANONYMOUS,ANONYMOUS
merged_0682.jpg,ANONYMOUS-712.jpg,ANONYMOUS,ANONYMOUS
merged_0683.jpg,ANONYMOUS-713.jpg,ANONYMOUS,ANONYMOUS
merged_0684.jpg,ANONYMOUS-714.jpg,ANONYMOUS,ANONYMOUS
merged_0685.jpg,ANONYMOUS-715.jpg,ANONYMOUS,ANONYMOUS
merged_0686.jpg,ANONYMOUS-716.jpg,ANONYMOUS,ANONYMOUS
merged_0687.jpg,ANONYMOUS-717.jpg,ANONYMOUS,ANONYMOUS
merged_0688.jpg,ANONYMOUS-718.jpg,ANONYMOUS,ANONYMOUS
merged_0689.jpg,ANONYMOUS-719.jpg,ANONYMOUS,ANONYMOUS
merged_0690.jpg,ANONYMOUS-72.jpg,ANONYMOUS,ANONYMOUS
merged_0691.jpg,ANONYMOUS-720.jpg,ANONYMOUS,ANONYMOUS
merged_0692.jpg,ANONYMOUS-721.jpg,ANONYMOUS,ANONYMOUS
merged_0693.jpg,ANONYMOUS-722.jpg,ANONYMOUS,ANONYMOUS
merged_0694.jpg,ANONYMOUS-723.jpg,ANONYMOUS,ANONYMOUS
merged_0695.jpg,ANONYMOUS-724.jpg,ANONYMOUS,ANONYMOUS
merged_0696.jpg,ANONYMOUS-725.jpg,ANONYMOUS,ANONYMOUS
merged_0697.jpg,ANONYMOUS-726.jpg,ANONYMOUS,ANONYMOUS
merged_0698.jpg,ANONYMOUS-727.jpg,ANONYMOUS,ANONYMOUS
merged_0699.jpg,ANONYMOUS-728.jpg,ANONYMOUS,ANONYMOUS
merged_0700.jpg,ANONYMOUS-729.jpg,ANONYMOUS,ANONYMOUS
merged_0701.jpg,ANONYMOUS-73.jpg,ANONYMOUS,ANONYMOUS
merged_0702.jpg,ANONYMOUS-730.jpg,ANONYMOUS,ANONYMOUS
merged_0703.jpg,ANONYMOUS-731.jpg,ANONYMOUS,ANONYMOUS
merged_0704.jpg,ANONYMOUS-732.jpg,ANONYMOUS,ANONYMOUS
merged_0705.jpg,ANONYMOUS-733.jpg,ANONYMOUS,ANONYMOUS
merged_0706.jpg,ANONYMOUS-734.jpg,ANONYMOUS,ANONYMOUS
merged_0707.jpg,ANONYMOUS-735.jpg,ANONYMOUS,ANONYMOUS
merged_0708.jpg,ANONYMOUS-736.jpg,ANONYMOUS,ANONYMOUS
merged_0709.jpg,ANONYMOUS-737.jpg,ANONYMOUS,ANONYMOUS
merged_0710.jpg,ANONYMOUS-738.jpg,ANONYMOUS,ANONYMOUS
merged_0711.jpg,ANONYMOUS-739.jpg,ANONYMOUS,ANONYMOUS
merged_0712.jpg,ANONYMOUS-74.jpg,ANONYMOUS,ANONYMOUS
merged_0713.jpg,ANONYMOUS-740.jpg,ANONYMOUS,ANONYMOUS
merged_0714.jpg,ANONYMOUS-741.jpg,ANONYMOUS,ANONYMOUS
merged_0715.jpg,ANONYMOUS-742.jpg,ANONYMOUS,ANONYMOUS
merged_0716.jpg,ANONYMOUS-743.jpg,ANONYMOUS,ANONYMOUS
merged_0717.jpg,ANONYMOUS-744.jpg,ANONYMOUS,ANONYMOUS
merged_0718.jpg,ANONYMOUS-745.jpg,ANONYMOUS,ANONYMOUS
merged_0719.jpg,ANONYMOUS-746.jpg,ANONYMOUS,ANONYMOUS
merged_0720.jpg,ANONYMOUS-747.jpg,ANONYMOUS,ANONYMOUS
merged_0721.jpg,ANONYMOUS-748.jpg,ANONYMOUS,ANONYMOUS
merged_0722.jpg,ANONYMOUS-749.jpg,ANONYMOUS,ANONYMOUS
merged_0723.jpg,ANONYMOUS-75.jpg,ANONYMOUS,ANONYMOUS
merged_0724.jpg,ANONYMOUS-750.jpg,ANONYMOUS,ANONYMOUS
merged_0725.jpg,ANONYMOUS-751.jpg,ANONYMOUS,ANONYMOUS
merged_0726.jpg,ANONYMOUS-752.jpg,ANONYMOUS,ANONYMOUS
merged_0727.jpg,ANONYMOUS-753.jpg,ANONYMOUS,ANONYMOUS
merged_0728.jpg,ANONYMOUS-754.jpg,ANONYMOUS,ANONYMOUS
merged_0729.jpg,ANONYMOUS-755.jpg,ANONYMOUS,ANONYMOUS
merged_0730.jpg,ANONYMOUS-756.jpg,ANONYMOUS,ANONYMOUS
merged_0731.jpg,ANONYMOUS-757.jpg,ANONYMOUS,ANONYMOUS
merged_0732.jpg,ANONYMOUS-758.jpg,ANONYMOUS,ANONYMOUS
merged_0733.jpg,ANONYMOUS-759.jpg,ANONYMOUS,ANONYMOUS
merged_0734.jpg,ANONYMOUS-76.jpg,ANONYMOUS,ANONYMOUS
merged_0735.jpg,ANONYMOUS-760.jpg,ANONYMOUS,ANONYMOUS
merged_0736.jpg,ANONYMOUS-761.jpg,ANONYMOUS,ANONYMOUS
merged_0737.jpg,ANONYMOUS-762.jpg,ANONYMOUS,ANONYMOUS
merged_0738.jpg,ANONYMOUS-763.jpg,ANONYMOUS,ANONYMOUS
merged_0739.jpg,ANONYMOUS-764.jpg,ANONYMOUS,ANONYMOUS
merged_0740.jpg,ANONYMOUS-765.jpg,ANONYMOUS,ANONYMOUS
merged_0741.jpg,ANONYMOUS-766.jpg,ANONYMOUS,ANONYMOUS
merged_0742.jpg,ANONYMOUS-767.jpg,ANONYMOUS,ANONYMOUS
merged_0743.jpg,ANONYMOUS-768.jpg,ANONYMOUS,ANONYMOUS
merged_0744.jpg,ANONYMOUS-769.jpg,ANONYMOUS,ANONYMOUS
merged_0745.jpg,ANONYMOUS-77.jpg,ANONYMOUS,ANONYMOUS
merged_0746.jpg,ANONYMOUS-770.jpg,ANONYMOUS,ANONYMOUS
merged_0747.jpg,ANONYMOUS-771.jpg,ANONYMOUS,ANONYMOUS
merged_0748.jpg,ANONYMOUS-772.jpg,ANONYMOUS,ANONYMOUS
merged_0749.jpg,ANONYMOUS-773.jpg,ANONYMOUS,ANONYMOUS
merged_0750.jpg,ANONYMOUS-774.jpg,ANONYMOUS,ANONYMOUS
merged_0751.jpg,ANONYMOUS-775.jpg,ANONYMOUS,ANONYMOUS
merged_0752.jpg,ANONYMOUS-776.jpg,ANONYMOUS,ANONYMOUS
merged_0753.jpg,ANONYMOUS-777.jpg,ANONYMOUS,ANONYMOUS
merged_0754.jpg,ANONYMOUS-778.jpg,ANONYMOUS,ANONYMOUS
merged_0755.jpg,ANONYMOUS-779.jpg,ANONYMOUS,ANONYMOUS
merged_0756.jpg,ANONYMOUS-78.jpg,ANONYMOUS,ANONYMOUS
merged_0757.jpg,ANONYMOUS-780.jpg,ANONYMOUS,ANONYMOUS
merged_0758.jpg,ANONYMOUS-781.jpg,ANONYMOUS,ANONYMOUS
merged_0759.jpg,ANONYMOUS-782.jpg,ANONYMOUS,ANONYMOUS
merged_0760.jpg,ANONYMOUS-783.jpg,ANONYMOUS,ANONYMOUS
merged_0761.jpg,ANONYMOUS-784.jpg,ANONYMOUS,ANONYMOUS
merged_0762.jpg,ANONYMOUS-785.jpg,ANONYMOUS,ANONYMOUS
merged_0763.jpg,ANONYMOUS-786.jpg,ANONYMOUS,ANONYMOUS
merged_0764.jpg,ANONYMOUS-787.jpg,ANONYMOUS,ANONYMOUS
merged_0765.jpg,ANONYMOUS-788.jpg,ANONYMOUS,ANONYMOUS
merged_0766.jpg,ANONYMOUS-789.jpg,ANONYMOUS,ANONYMOUS
merged_0767.jpg,ANONYMOUS-79.jpg,ANONYMOUS,ANONYMOUS
merged_0768.jpg,ANONYMOUS-790.jpg,ANONYMOUS,ANONYMOUS
merged_0769.jpg,ANONYMOUS-791.jpg,ANONYMOUS,ANONYMOUS
merged_0770.jpg,ANONYMOUS-792.jpg,ANONYMOUS,ANONYMOUS
merged_0771.jpg,ANONYMOUS-793.jpg,ANONYMOUS,ANONYMOUS
merged_0772.jpg,ANONYMOUS-794.jpg,ANONYMOUS,ANONYMOUS
merged_0773.jpg,ANONYMOUS-795.jpg,ANONYMOUS,ANONYMOUS
merged_0774.jpg,ANONYMOUS-796.jpg,ANONYMOUS,ANONYMOUS
merged_0775.jpg,ANONYMOUS-797.jpg,ANONYMOUS,ANONYMOUS
merged_0776.jpg,ANONYMOUS-798.jpg,ANONYMOUS,ANONYMOUS
merged_0777.jpg,ANONYMOUS-799.jpg,ANONYMOUS,ANONYMOUS
merged_0778.jpg,ANONYMOUS-8.jpg,ANONYMOUS,ANONYMOUS
merged_0779.jpg,ANONYMOUS-80.jpg,ANONYMOUS,ANONYMOUS
merged_0780.jpg,ANONYMOUS-800.jpg,ANONYMOUS,ANONYMOUS
merged_0781.jpg,ANONYMOUS-801.jpg,ANONYMOUS,ANONYMOUS
merged_0782.jpg,ANONYMOUS-802.jpg,ANONYMOUS,ANONYMOUS
merged_0783.jpg,ANONYMOUS-803.jpg,ANONYMOUS,ANONYMOUS
merged_0784.jpg,ANONYMOUS-804.jpg,ANONYMOUS,ANONYMOUS
merged_0785.jpg,ANONYMOUS-805.jpg,ANONYMOUS,ANONYMOUS
merged_0786.jpg,ANONYMOUS-806.jpg,ANONYMOUS,ANONYMOUS
merged_0787.jpg,ANONYMOUS-807.jpg,ANONYMOUS,ANONYMOUS
merged_0788.jpg,ANONYMOUS-808.jpg,ANONYMOUS,ANONYMOUS
merged_0789.jpg,ANONYMOUS-809.jpg,ANONYMOUS,ANONYMOUS
merged_0790.jpg,ANONYMOUS-81.jpg,ANONYMOUS,ANONYMOUS
merged_0791.jpg,ANONYMOUS-810.jpg,ANONYMOUS,ANONYMOUS
merged_0792.jpg,ANONYMOUS-811.jpg,ANONYMOUS,ANONYMOUS
merged_0793.jpg,ANONYMOUS-812.jpg,ANONYMOUS,ANONYMOUS
merged_0794.jpg,ANONYMOUS-813.jpg,ANONYMOUS,ANONYMOUS
merged_0795.jpg,ANONYMOUS-814.jpg,ANONYMOUS,ANONYMOUS
merged_0796.jpg,ANONYMOUS-815.jpg,ANONYMOUS,ANONYMOUS
merged_0797.jpg,ANONYMOUS-816.jpg,ANONYMOUS,ANONYMOUS
merged_0798.jpg,ANONYMOUS-817.jpg,ANONYMOUS,ANONYMOUS
merged_0799.jpg,ANONYMOUS-818.jpg,ANONYMOUS,ANONYMOUS
merged_0800.jpg,ANONYMOUS-819.jpg,ANONYMOUS,ANONYMOUS
merged_0801.jpg,ANONYMOUS-82.jpg,ANONYMOUS,ANONYMOUS
merged_0802.jpg,ANONYMOUS-820.jpg,ANONYMOUS,ANONYMOUS
merged_0803.jpg,ANONYMOUS-821.jpg,ANONYMOUS,ANONYMOUS
merged_0804.jpg,ANONYMOUS-822.jpg,ANONYMOUS,ANONYMOUS
merged_0805.jpg,ANONYMOUS-823.jpg,ANONYMOUS,ANONYMOUS
merged_0806.jpg,ANONYMOUS-824.jpg,ANONYMOUS,ANONYMOUS
merged_0807.jpg,ANONYMOUS-825.jpg,ANONYMOUS,ANONYMOUS
merged_0808.jpg,ANONYMOUS-826.jpg,ANONYMOUS,ANONYMOUS
merged_0809.jpg,ANONYMOUS-827.jpg,ANONYMOUS,ANONYMOUS
merged_0810.jpg,ANONYMOUS-828.jpg,ANONYMOUS,ANONYMOUS
merged_0811.jpg,ANONYMOUS-829.jpg,ANONYMOUS,ANONYMOUS
merged_0812.jpg,ANONYMOUS-83.jpg,ANONYMOUS,ANONYMOUS
merged_0813.jpg,ANONYMOUS-830.jpg,ANONYMOUS,ANONYMOUS
merged_0814.jpg,ANONYMOUS-831.jpg,ANONYMOUS,ANONYMOUS
merged_0815.jpg,ANONYMOUS-832.jpg,ANONYMOUS,ANONYMOUS
merged_0816.jpg,ANONYMOUS-833.jpg,ANONYMOUS,ANONYMOUS
merged_0817.jpg,ANONYMOUS-834.jpg,ANONYMOUS,ANONYMOUS
merged_0818.jpg,ANONYMOUS-835.jpg,ANONYMOUS,ANONYMOUS
merged_0819.jpg,ANONYMOUS-836.jpg,ANONYMOUS,ANONYMOUS
merged_0820.jpg,ANONYMOUS-837.jpg,ANONYMOUS,ANONYMOUS
merged_0821.jpg,ANONYMOUS-838.jpg,ANONYMOUS,ANONYMOUS
merged_0822.jpg,ANONYMOUS-839.jpg,ANONYMOUS,ANONYMOUS
merged_0823.jpg,ANONYMOUS-84.jpg,ANONYMOUS,ANONYMOUS
merged_0824.jpg,ANONYMOUS-840.jpg,ANONYMOUS,ANONYMOUS
merged_0825.jpg,ANONYMOUS-841.jpg,ANONYMOUS,ANONYMOUS
merged_0826.jpg,ANONYMOUS-842.jpg,ANONYMOUS,ANONYMOUS
merged_0827.jpg,ANONYMOUS-843.jpg,ANONYMOUS,ANONYMOUS
merged_0828.jpg,ANONYMOUS-844.jpg,ANONYMOUS,ANONYMOUS
merged_0829.jpg,ANONYMOUS-845.jpg,ANONYMOUS,ANONYMOUS
merged_0830.jpg,ANONYMOUS-846.jpg,ANONYMOUS,ANONYMOUS
merged_0831.jpg,ANONYMOUS-847.jpg,ANONYMOUS,ANONYMOUS
merged_0832.jpg,ANONYMOUS-848.jpg,ANONYMOUS,ANONYMOUS
merged_0833.jpg,ANONYMOUS-849.jpg,ANONYMOUS,ANONYMOUS
merged_0834.jpg,ANONYMOUS-85.jpg,ANONYMOUS,ANONYMOUS
merged_0835.jpg,ANONYMOUS-850.jpg,ANONYMOUS,ANONYMOUS
merged_0836.jpg,ANONYMOUS-851.jpg,ANONYMOUS,ANONYMOUS
merged_0837.jpg,ANONYMOUS-852.jpg,ANONYMOUS,ANONYMOUS
merged_0838.jpg,ANONYMOUS-853.jpg,ANONYMOUS,ANONYMOUS
merged_0839.jpg,ANONYMOUS-854.jpg,ANONYMOUS,ANONYMOUS
merged_0840.jpg,ANONYMOUS-855.jpg,ANONYMOUS,ANONYMOUS
merged_0841.jpg,ANONYMOUS-856.jpg,ANONYMOUS,ANONYMOUS
merged_0842.jpg,ANONYMOUS-857.jpg,ANONYMOUS,ANONYMOUS
merged_0843.jpg,ANONYMOUS-858.jpg,ANONYMOUS,ANONYMOUS
merged_0844.jpg,ANONYMOUS-859.jpg,ANONYMOUS,ANONYMOUS
merged_0845.jpg,ANONYMOUS-86.jpg,ANONYMOUS,ANONYMOUS
merged_0846.jpg,ANONYMOUS-860.jpg,ANONYMOUS,ANONYMOUS
merged_0847.jpg,ANONYMOUS-861.jpg,ANONYMOUS,ANONYMOUS
merged_0848.jpg,ANONYMOUS-862.jpg,ANONYMOUS,ANONYMOUS
merged_0849.jpg,ANONYMOUS-863.jpg,ANONYMOUS,ANONYMOUS
merged_0850.jpg,ANONYMOUS-864.jpg,ANONYMOUS,ANONYMOUS
merged_0851.jpg,ANONYMOUS-865.jpg,ANONYMOUS,ANONYMOUS
merged_0852.jpg,ANONYMOUS-866.jpg,ANONYMOUS,ANONYMOUS
merged_0853.jpg,ANONYMOUS-867.jpg,ANONYMOUS,ANONYMOUS
merged_0854.jpg,ANONYMOUS-868.jpg,ANONYMOUS,ANONYMOUS
merged_0855.jpg,ANONYMOUS-869.jpg,ANONYMOUS,ANONYMOUS
merged_0856.jpg,ANONYMOUS-87.jpg,ANONYMOUS,ANONYMOUS
merged_0857.jpg,ANONYMOUS-870.jpg,ANONYMOUS,ANONYMOUS
merged_0858.jpg,ANONYMOUS-871.jpg,ANONYMOUS,ANONYMOUS
merged_0859.jpg,ANONYMOUS-872.jpg,ANONYMOUS,ANONYMOUS
merged_0860.jpg,ANONYMOUS-873.jpg,ANONYMOUS,ANONYMOUS
merged_0861.jpg,ANONYMOUS-874.jpg,ANONYMOUS,ANONYMOUS
merged_0862.jpg,ANONYMOUS-875.jpg,ANONYMOUS,ANONYMOUS
merged_0863.jpg,ANONYMOUS-876.jpg,ANONYMOUS,ANONYMOUS
merged_0864.jpg,ANONYMOUS-877.jpg,ANONYMOUS,ANONYMOUS
merged_0865.jpg,ANONYMOUS-878.jpg,ANONYMOUS,ANONYMOUS
merged_0866.jpg,ANONYMOUS-879.jpg,ANONYMOUS,ANONYMOUS
merged_0867.jpg,ANONYMOUS-88.jpg,ANONYMOUS,ANONYMOUS
merged_0868.jpg,ANONYMOUS-880.jpg,ANONYMOUS,ANONYMOUS
merged_0869.jpg,ANONYMOUS-881.jpg,ANONYMOUS,ANONYMOUS
merged_0870.jpg,ANONYMOUS-882.jpg,ANONYMOUS,ANONYMOUS
merged_0871.jpg,ANONYMOUS-883.jpg,ANONYMOUS,ANONYMOUS
merged_0872.jpg,ANONYMOUS-884.jpg,ANONYMOUS,ANONYMOUS
merged_0873.jpg,ANONYMOUS-885.jpg,ANONYMOUS,ANONYMOUS
merged_0874.jpg,ANONYMOUS-886.jpg,ANONYMOUS,ANONYMOUS
merged_0875.jpg,ANONYMOUS-887.jpg,ANONYMOUS,ANONYMOUS
merged_0876.jpg,ANONYMOUS-888.jpg,ANONYMOUS,ANONYMOUS
merged_0877.jpg,ANONYMOUS-889.jpg,ANONYMOUS,ANONYMOUS
merged_0878.jpg,ANONYMOUS-89.jpg,ANONYMOUS,ANONYMOUS
merged_0879.jpg,ANONYMOUS-890.jpg,ANONYMOUS,ANONYMOUS
merged_0880.jpg,ANONYMOUS-891.jpg,ANONYMOUS,ANONYMOUS
merged_0881.jpg,ANONYMOUS-892.jpg,ANONYMOUS,ANONYMOUS
merged_0882.jpg,ANONYMOUS-893.jpg,ANONYMOUS,ANONYMOUS
merged_0883.jpg,ANONYMOUS-894.jpg,ANONYMOUS,ANONYMOUS
merged_0884.jpg,ANONYMOUS-895.jpg,ANONYMOUS,ANONYMOUS
merged_0885.jpg,ANONYMOUS-896.jpg,ANONYMOUS,ANONYMOUS
merged_0886.jpg,ANONYMOUS-897.jpg,ANONYMOUS,ANONYMOUS
merged_0887.jpg,ANONYMOUS-898.jpg,ANONYMOUS,ANONYMOUS
merged_0888.jpg,ANONYMOUS-899.jpg,ANONYMOUS,ANONYMOUS
merged_0889.jpg,ANONYMOUS-9.jpg,ANONYMOUS,ANONYMOUS
merged_0890.jpg,ANONYMOUS-90.jpg,ANONYMOUS,ANONYMOUS
merged_0891.jpg,ANONYMOUS-900.jpg,ANONYMOUS,ANONYMOUS
merged_0892.jpg,ANONYMOUS-901.jpg,ANONYMOUS,ANONYMOUS
merged_0893.jpg,ANONYMOUS-902.jpg,ANONYMOUS,ANONYMOUS
merged_0894.jpg,ANONYMOUS-903.jpg,ANONYMOUS,ANONYMOUS
merged_0895.jpg,ANONYMOUS-904.jpg,ANONYMOUS,ANONYMOUS
merged_0896.jpg,ANONYMOUS-905.jpg,ANONYMOUS,ANONYMOUS
merged_0897.jpg,ANONYMOUS-906.jpg,ANONYMOUS,ANONYMOUS
merged_0898.jpg,ANONYMOUS-907.jpg,ANONYMOUS,ANONYMOUS
merged_0899.jpg,ANONYMOUS-908.jpg,ANONYMOUS,ANONYMOUS
merged_0900.jpg,ANONYMOUS-91.jpg,ANONYMOUS,ANONYMOUS
merged_0901.jpg,ANONYMOUS-92.jpg,ANONYMOUS,ANONYMOUS
merged_0902.jpg,ANONYMOUS-93.jpg,ANONYMOUS,ANONYMOUS
merged_0903.jpg,ANONYMOUS-94.jpg,ANONYMOUS,ANONYMOUS
merged_0904.jpg,ANONYMOUS-95.jpg,ANONYMOUS,ANONYMOUS
merged_0905.jpg,ANONYMOUS-96.jpg,ANONYMOUS,ANONYMOUS
merged_0906.jpg,ANONYMOUS-97.jpg,ANONYMOUS,ANONYMOUS
merged_0907.jpg,ANONYMOUS-98.jpg,ANONYMOUS,ANONYMOUS
merged_0908.jpg,ANONYMOUS-99.jpg,ANONYMOUS,ANONYMOUS
merged_0909.jpg,AT-0.jpg,AT,AT
merged_0910.jpg,AT-1.jpg,AT,AT
merged_0911.jpg,AT-10.jpg,AT,AT
merged_0912.jpg,AT-11.jpg,AT,AT
merged_0913.jpg,AT-12.jpg,AT,AT
merged_0914.jpg,AT-13.jpg,AT,AT
merged_0915.jpg,AT-14.jpg,AT,AT
merged_0916.jpg,AT-15.jpg,AT,AT
merged_0917.jpg,AT-2.jpg,AT,AT
merged_0918.jpg,AT-3.jpg,AT,AT
merged_0919.jpg,AT-4.jpg,AT,AT
merged_0920.jpg,AT-5.jpg,AT,AT
merged_0921.jpg,AT-6.jpg,AT,AT
merged_0922.jpg,AT-7.jpg,AT,AT
merged_0923.jpg,AT-8.jpg,AT,AT
merged_0924.jpg,AT-9.jpg,AT,AT
merged_0925.jpg,AU-0.jpg,AU,AU
merged_0926.jpg,AU-1.jpg,AU,AU
merged_0927.jpg,AU-10.jpg,AU,AU
merged_0928.jpg,AU-11.jpg,AU,AU
merged_0929.jpg,AU-12.jpg,AU,AU
merged_0930.jpg,AU-13.jpg,AU,AU
merged_0931.jpg,AU-14.jpg,AU,AU
merged_0932.jpg,AU-15.jpg,AU,AU
merged_0933.jpg,AU-16.jpg,AU,AU
merged_0934.jpg,AU-17.jpg,AU,AU
merged_0935.jpg,AU-2.jpg,AU,AU
merged_0936.jpg,AU-3.jpg,AU,AU
merged_0937.jpg,AU-4.jpg,AU,AU
merged_0938.jpg,AU-5.jpg,AU,AU
merged_0939.jpg,AU-6.jpg,AU,AU
merged_0940.jpg,AU-7.jpg,AU,AU
merged_0941.jpg,AU-8.jpg,AU,AU
merged_0942.jpg,AU-9.jpg,AU,AU
merged_0943.jpg,BE-0.jpg,BE,BE
merged_0944.jpg,BE-1.jpg,BE,BE
merged_0945.jpg,BE-10.jpg,BE,BE
merged_0946.jpg,BE-11.jpg,BE,BE
merged_0947.jpg,BE-12.jpg,BE,BE
merged_0948.jpg,BE-13.jpg,BE,BE
merged_0949.jpg,BE-14.jpg,BE,BE
merged_0950.jpg,BE-15.jpg,BE,BE
merged_0951.jpg,BE-16.jpg,BE,BE
merged_0952.jpg,BE-17.jpg,BE,BE
merged_0953.jpg,BE-18.jpg,BE,BE
merged_0954.jpg,BE-19.jpg,BE,BE
merged_0955.jpg,BE-2.jpg,BE,BE
merged_0956.jpg,BE-3.jpg,BE,BE
merged_0957.jpg,BE-4.jpg,BE,BE
merged_0958.jpg,BE-5.jpg,BE,BE
merged_0959.jpg,BE-6.jpg,BE,BE
merged_0960.jpg,BE-7.jpg,BE,BE
merged_0961.jpg,BE-8.jpg,BE,BE
merged_0962.jpg,BE-9.jpg,BE,BE
merged_0963.jpg,BG-0.jpg,BG,BG
merged_0964.jpg,BG-1.jpg,BG,BG
merged_0965.jpg,BH-0.jpg,BH,BH
merged_0966.jpg,BM-0.jpg,BM,BM
merged_0967.jpg,BR-0.jpg,BR,BR
merged_0968.jpg,BR-1.jpg,BR,BR
merged_0969.jpg,BR-2.jpg,BR,BR
merged_0970.jpg,BY-0.jpg,BY,BY
merged_0971.jpg,BY-1.jpg,BY,BY
merged_0972.jpg,BY-10.jpg,BY,BY
merged_0973.jpg,BY-11.jpg,BY,BY
merged_0974.jpg,BY-12.jpg,BY,BY
merged_0975.jpg,BY-13.jpg,BY,BY
merged_0976.jpg,BY-14.jpg,BY,BY
merged_0977.jpg,BY-15.jpg,BY,BY
merged_0978.jpg,BY-16.jpg,BY,BY
merged_0979.jpg,BY-17.jpg,BY,BY
merged_0980.jpg,BY-18.jpg,BY,BY
merged_0981.jpg,BY-19.jpg,BY,BY
merged_0982.jpg,BY-2.jpg,BY,BY
merged_0983.jpg,BY-20.jpg,BY,BY
merged_0984.jpg,BY-21.jpg,BY,BY
merged_0985.jpg,BY-22.jpg,BY,BY
merged_0986.jpg,BY-23.jpg,BY,BY
merged_0987.jpg,BY-24.jpg,BY,BY
merged_0988.jpg,BY-25.jpg,BY,BY
merged_0989.jpg,BY-26.jpg,BY,BY
merged_0990.jpg,BY-27.jpg,BY,BY
merged_0991.jpg,BY-28.jpg,BY,BY
merged_0992.jpg,BY-29.jpg,BY,BY
merged_0993.jpg,BY-3.jpg,BY,BY
merged_0994.jpg,BY-30.jpg,BY,BY
merged_0995.jpg,BY-31.jpg,BY,BY
merged_0996.jpg,BY-32.jpg,BY,BY
merged_0997.jpg,BY-4.jpg,BY,BY
merged_0998.jpg,BY-5.jpg,BY,BY
merged_0999.jpg,BY-6.jpg,BY,BY
merged_1000.jpg,BY-7.jpg,BY,BY
merged_1001.jpg,BY-8.jpg,BY,BY
merged_1002.jpg,BY-9.jpg,BY,BY
merged_1003.jpg,CA-0.jpg,CA,CA
merged_1004.jpg,CA-1.jpg,CA,CA
merged_1005.jpg,CA-10.jpg,CA,CA
merged_1006.jpg,CA-11.jpg,CA,CA
merged_1007.jpg,CA-12.jpg,CA,CA
merged_1008.jpg,CA-13.jpg,CA,CA
merged_1009.jpg,CA-14.jpg,CA,CA
merged_1010.jpg,CA-15.jpg,CA,CA
merged_1011.jpg,CA-16.jpg,CA,CA
merged_1012.jpg,CA-17.jpg,CA,CA
merged_1013.jpg,CA-18.jpg,CA,CA
merged_1014.jpg,CA-19.jpg,CA,CA
merged_1015.jpg,CA-2.jpg,CA,CA
merged_1016.jpg,CA-20.jpg,CA,CA
merged_1017.jpg,CA-21.jpg,CA,CA
merged_1018.jpg,CA-22.jpg,CA,CA
merged_1019.jpg,CA-23.jpg,CA,CA
merged_1020.jpg,CA-24.jpg,CA,CA
merged_1021.jpg,CA-25.jpg,CA,CA
merged_1022.jpg,CA-26.jpg,CA,CA
merged_1023.jpg,CA-27.jpg,CA,CA
merged_1024.jpg,CA-28.jpg,CA,CA
merged_1025.jpg,CA-29.jpg,CA,CA
merged_1026.jpg,CA-3.jpg,CA,CA
merged_1027.jpg,CA-30.jpg,CA,CA
merged_1028.jpg,CA-31.jpg,CA,CA
merged_1029.jpg,CA-32.jpg,CA,CA
merged_1030.jpg,CA-33.jpg,CA,CA
merged_1031.jpg,CA-34.jpg,CA,CA
merged_1032.jpg,CA-4.jpg,CA,CA
merged_1033.jpg,CA-5.jpg,CA,CA
merged_1034.jpg,CA-6.jpg,CA,CA
merged_1035.jpg,CA-7.jpg,CA,CA
merged_1036.jpg,CA-8.jpg,CA,CA
merged_1037.jpg,CA-9.jpg,CA,CA
merged_1038.jpg,CH-0.jpg,CH,CH
merged_1039.jpg,CH-1.jpg,CH,CH
merged_1040.jpg,CH-10.jpg,CH,CH
merged_1041.jpg,CH-11.jpg,CH,CH
merged_1042.jpg,CH-12.jpg,CH,CH
merged_1043.jpg,CH-13.jpg,CH,CH
merged_1044.jpg,CH-14.jpg,CH,CH
merged_1045.jpg,CH-15.jpg,CH,CH
merged_1046.jpg,CH-2.jpg,CH,CH
merged_1047.jpg,CH-3.jpg,CH,CH
merged_1048.jpg,CH-4.jpg,CH,CH
merged_1049.jpg,CH-5.jpg,CH,CH
merged_1050.jpg,CH-6.jpg,CH,CH
merged_1051.jpg,CH-7.jpg,CH,CH
merged_1052.jpg,CH-8.jpg,CH,CH
merged_1053.jpg,CH-9.jpg,CH,CH
merged_1054.jpg,CN-0.jpg,CN,CN
merged_1055.jpg,CN-1.jpg,CN,CN
merged_1056.jpg,CN-10.jpg,CN,CN
merged_1057.jpg,CN-11.jpg,CN,CN
merged_1058.jpg,CN-12.jpg,CN,CN
merged_1059.jpg,CN-13.jpg,CN,CN
merged_1060.jpg,CN-14.jpg,CN,CN
merged_1061.jpg,CN-15.jpg,CN,CN
merged_1062.jpg,CN-16.jpg,CN,CN
merged_1063.jpg,CN-17.jpg,CN,CN
merged_1064.jpg,CN-18.jpg,CN,CN
merged_1065.jpg,CN-19.jpg,CN,CN
merged_1066.jpg,CN-2.jpg,CN,CN
merged_1067.jpg,CN-20.jpg,CN,CN
merged_1068.jpg,CN-21.jpg,CN,CN
merged_1069.jpg,CN-22.jpg,CN,CN
merged_1070.jpg,CN-23.jpg,CN,CN
merged_1071.jpg,CN-24.jpg,CN,CN
merged_1072.jpg,CN-25.jpg,CN,CN
merged_1073.jpg,CN-26.jpg,CN,CN
merged_1074.jpg,CN-27.jpg,CN,CN
merged_1075.jpg,CN-28.jpg,CN,CN
merged_1076.jpg,CN-29.jpg,CN,CN
merged_1077.jpg,CN-3.jpg,CN,CN
merged_1078.jpg,CN-30.jpg,CN,CN
merged_1079.jpg,CN-31.jpg,CN,CN
merged_1080.jpg,CN-32.jpg,CN,CN
merged_1081.jpg,CN-33.jpg,CN,CN
merged_1082.jpg,CN-34.jpg,CN,CN
merged_1083.jpg,CN-35.jpg,CN,CN
merged_1084.jpg,CN-36.jpg,CN,CN
merged_1085.jpg,CN-4.jpg,CN,CN
merged_1086.jpg,CN-5.jpg,CN,CN
merged_1087.jpg,CN-6.jpg,CN,CN
merged_1088.jpg,CN-7.jpg,CN,CN
merged_1089.jpg,CN-8.jpg,CN,CN
merged_1090.jpg,CN-9.jpg,CN,CN
merged_1091.jpg,CZ-0.jpg,CZ,CZ
merged_1092.jpg,CZ-1.jpg,CZ,CZ
merged_1093.jpg,CZ-10.jpg,CZ,CZ
merged_1094.jpg,CZ-11.jpg,CZ,CZ
merged_1095.jpg,CZ-12.jpg,CZ,CZ
merged_1096.jpg,CZ-13.jpg,CZ,CZ
merged_1097.jpg,CZ-14.jpg,CZ,CZ
merged_1098.jpg,CZ-15.jpg,CZ,CZ
merged_1099.jpg,CZ-16.jpg,CZ,CZ
merged_1100.jpg,CZ-17.jpg,CZ,CZ
merged_1101.jpg,CZ-18.jpg,CZ,CZ
merged_1102.jpg,CZ-19.jpg,CZ,CZ
merged_1103.jpg,CZ-2.jpg,CZ,CZ
merged_1104.jpg,CZ-20.jpg,CZ,CZ
merged_1105.jpg,CZ-3.jpg,CZ,CZ
merged_1106.jpg,CZ-4.jpg,CZ,CZ
merged_1107.jpg,CZ-5.jpg,CZ,CZ
merged_1108.jpg,CZ-6.jpg,CZ,CZ
merged_1109.jpg,CZ-7.jpg,CZ,CZ
merged_1110.jpg,CZ-8.jpg,CZ,CZ
merged_1111.jpg,CZ-9.jpg,CZ,CZ
merged_1112.jpg,DE-0.jpg,DE,DE
merged_1113.jpg,DE-1.jpg,DE,DE
merged_1114.jpg,DE-10.jpg,DE,DE
merged_1115.jpg,DE-100.jpg,DE,DE
merged_1116.jpg,DE-101.jpg,DE,DE
merged_1117.jpg,DE-102.jpg,DE,DE
merged_1118.jpg,DE-103.jpg,DE,DE
merged_1119.jpg,DE-104.jpg,DE,DE
merged_1120.jpg,DE-105.jpg,DE,DE
merged_1121.jpg,DE-106.jpg,DE,DE
merged_1122.jpg,DE-107.jpg,DE,DE
merged_1123.jpg,DE-108.jpg,DE,DE
merged_1124.jpg,DE-109.jpg,DE,DE
merged_1125.jpg,DE-11.jpg,DE,DE
merged_1126.jpg,DE-110.jpg,DE,DE
merged_1127.jpg,DE-111.jpg,DE,DE
merged_1128.jpg,DE-112.jpg,DE,DE
merged_1129.jpg,DE-113.jpg,DE,DE
merged_1130.jpg,DE-114.jpg,DE,DE
merged_1131.jpg,DE-115.jpg,DE,DE
merged_1132.jpg,DE-116.jpg,DE,DE
merged_1133.jpg,DE-117.jpg,DE,DE
merged_1134.jpg,DE-118.jpg,DE,DE
merged_1135.jpg,DE-119.jpg,DE,DE
merged_1136.jpg,DE-12.jpg,DE,DE
merged_1137.jpg,DE-120.jpg,DE,DE
merged_1138.jpg,DE-121.jpg,DE,DE
merged_1139.jpg,DE-122.jpg,DE,DE
merged_1140.jpg,DE-123.jpg,DE,DE
merged_1141.jpg,DE-124.jpg,DE,DE
merged_1142.jpg,DE-125.jpg,DE,DE
merged_1143.jpg,DE-126.jpg,DE,DE
merged_1144.jpg,DE-127.jpg,DE,DE
merged_1145.jpg,DE-128.jpg,DE,DE
merged_1146.jpg,DE-129.jpg,DE,DE
merged_1147.jpg,DE-13.jpg,DE,DE
merged_1148.jpg,DE-130.jpg,DE,DE
merged_1149.jpg,DE-131.jpg,DE,DE
merged_1150.jpg,DE-132.jpg,DE,DE
merged_1151.jpg,DE-133.jpg,DE,DE
merged_1152.jpg,DE-134.jpg,DE,DE
merged_1153.jpg,DE-135.jpg,DE,DE
merged_1154.jpg,DE-136.jpg,DE,DE
merged_1155.jpg,DE-137.jpg,DE,DE
merged_1156.jpg,DE-138.jpg,DE,DE
merged_1157.jpg,DE-139.jpg,DE,DE
merged_1158.jpg,DE-14.jpg,DE,DE
merged_1159.jpg,DE-140.jpg,DE,DE
merged_1160.jpg,DE-141.jpg,DE,DE
merged_1161.jpg,DE-142.jpg,DE,DE
merged_1162.jpg,DE-143.jpg,DE,DE
merged_1163.jpg,DE-144.jpg,DE,DE
merged_1164.jpg,DE-145.jpg,DE,DE
merged_1165.jpg,DE-146.jpg,DE,DE
merged_1166.jpg,DE-147.jpg,DE,DE
merged_1167.jpg,DE-148.jpg,DE,DE
merged_1168.jpg,DE-149.jpg,DE,DE
merged_1169.jpg,DE-15.jpg,DE,DE
merged_1170.jpg,DE-150.jpg,DE,DE
merged_1171.jpg,DE-151.jpg,DE,DE
merged_1172.jpg,DE-152.jpg,DE,DE
merged_1173.jpg,DE-153.jpg,DE,DE
merged_1174.jpg,DE-154.jpg,DE,DE
merged_1175.jpg,DE-155.jpg,DE,DE
merged_1176.jpg,DE-156.jpg,DE,DE
merged_1177.jpg,DE-157.jpg,DE,DE
merged_1178.jpg,DE-158.jpg,DE,DE
merged_1179.jpg,DE-159.jpg,DE,DE
merged_1180.jpg,DE-16.jpg,DE,DE
merged_1181.jpg,DE-160.jpg,DE,DE
merged_1182.jpg,DE-161.jpg,DE,DE
merged_1183.jpg,DE-162.jpg,DE,DE
merged_1184.jpg,DE-163.jpg,DE,DE
merged_1185.jpg,DE-164.jpg,DE,DE
merged_1186.jpg,DE-165.jpg,DE,DE
merged_1187.jpg,DE-166.jpg,DE,DE
merged_1188.jpg,DE-167.jpg,DE,DE
merged_1189.jpg,DE-168.jpg,DE,DE
merged_1190.jpg,DE-169.jpg,DE,DE
merged_1191.jpg,DE-17.jpg,DE,DE
merged_1192.jpg,DE-170.jpg,DE,DE
merged_1193.jpg,DE-171.jpg,DE,DE
merged_1194.jpg,DE-172.jpg,DE,DE
merged_1195.jpg,DE-173.jpg,DE,DE
merged_1196.jpg,DE-174.jpg,DE,DE
merged_1197.jpg,DE-175.jpg,DE,DE
merged_1198.jpg,DE-176.jpg,DE,DE
merged_1199.jpg,DE-177.jpg,DE,DE
merged_1200.jpg,DE-178.jpg,DE,DE
merged_1201.jpg,DE-179.jpg,DE,DE
merged_1202.jpg,DE-18.jpg,DE,DE
merged_1203.jpg,DE-180.jpg,DE,DE
merged_1204.jpg,DE-181.jpg,DE,DE
merged_1205.jpg,DE-182.jpg,DE,DE
merged_1206.jpg,DE-183.jpg,DE,DE
merged_1207.jpg,DE-184.jpg,DE,DE
merged_1208.jpg,DE-185.jpg,DE,DE
merged_1209.jpg,DE-186.jpg,DE,DE
merged_1210.jpg,DE-187.jpg,DE,DE
merged_1211.jpg,DE-188.jpg,DE,DE
merged_1212.jpg,DE-189.jpg,DE,DE
merged_1213.jpg,DE-19.jpg,DE,DE
merged_1214.jpg,DE-190.jpg,DE,DE
merged_1215.jpg,DE-191.jpg,DE,DE
merged_1216.jpg,DE-192.jpg,DE,DE
merged_1217.jpg,DE-193.jpg,DE,DE
merged_1218.jpg,DE-194.jpg,DE,DE
merged_1219.jpg,DE-195.jpg,DE,DE
merged_1220.jpg,DE-196.jpg,DE,DE
merged_1221.jpg,DE-197.jpg,DE,DE
merged_1222.jpg,DE-198.jpg,DE,DE
merged_1223.jpg,DE-199.jpg,DE,DE
merged_1224.jpg,DE-2.jpg,DE,DE
merged_1225.jpg,DE-20.jpg,DE,DE
merged_1226.jpg,DE-200.jpg,DE,DE
merged_1227.jpg,DE-201.jpg,DE,DE
merged_1228.jpg,DE-202.jpg,DE,DE
merged_1229.jpg,DE-203.jpg,DE,DE
merged_1230.jpg,DE-204.jpg,DE,DE
merged_1231.jpg,DE-205.jpg,DE,DE
merged_1232.jpg,DE-206.jpg,DE,DE
merged_1233.jpg,DE-207.jpg,DE,DE
merged_1234.jpg,DE-208.jpg,DE,DE
merged_1235.jpg,DE-209.jpg,DE,DE
merged_1236.jpg,DE-21.jpg,DE,DE
merged_1237.jpg,DE-210.jpg,DE,DE
merged_1238.jpg,DE-211.jpg,DE,DE
merged_1239.jpg,DE-212.jpg,DE,DE
merged_1240.jpg,DE-213.jpg,DE,DE
merged_1241.jpg,DE-214.jpg,DE,DE
merged_1242.jpg,DE-215.jpg,DE,DE
merged_1243.jpg,DE-216.jpg,DE,DE
merged_1244.jpg,DE-217.jpg,DE,DE
merged_1245.jpg,DE-218.jpg,DE,DE
merged_1246.jpg,DE-219.jpg,DE,DE
merged_1247.jpg,DE-22.jpg,DE,DE
merged_1248.jpg,DE-220.jpg,DE,DE
merged_1249.jpg,DE-221.jpg,DE,DE
merged_1250.jpg,DE-222.jpg,DE,DE
merged_1251.jpg,DE-223.jpg,DE,DE
merged_1252.jpg,DE-224.jpg,DE,DE
merged_1253.jpg,DE-225.jpg,DE,DE
merged_1254.jpg,DE-226.jpg,DE,DE
merged_1255.jpg,DE-227.jpg,DE,DE
merged_1256.jpg,DE-228.jpg,DE,DE
merged_1257.jpg,DE-229.jpg,DE,DE
merged_1258.jpg,DE-23.jpg,DE,DE
merged_1259.jpg,DE-230.jpg,DE,DE
merged_1260.jpg,DE-231.jpg,DE,DE
merged_1261.jpg,DE-232.jpg,DE,DE
merged_1262.jpg,DE-233.jpg,DE,DE
merged_1263.jpg,DE-234.jpg,DE,DE
merged_1264.jpg,DE-235.jpg,DE,DE
merged_1265.jpg,DE-236.jpg,DE,DE
merged_1266.jpg,DE-237.jpg,DE,DE
merged_1267.jpg,DE-238.jpg,DE,DE
merged_1268.jpg,DE-239.jpg,DE,DE
merged_1269.jpg,DE-24.jpg,DE,DE
merged_1270.jpg,DE-240.jpg,DE,DE
merged_1271.jpg,DE-241.jpg,DE,DE
merged_1272.jpg,DE-242.jpg,DE,DE
merged_1273.jpg,DE-243.jpg,DE,DE
merged_1274.jpg,DE-244.jpg,DE,DE
merged_1275.jpg,DE-245.jpg,DE,DE
merged_1276.jpg,DE-246.jpg,DE,DE
merged_1277.jpg,DE-247.jpg,DE,DE
merged_1278.jpg,DE-248.jpg,DE,DE
merged_1279.jpg,DE-249.jpg,DE,DE
merged_1280.jpg,DE-25.jpg,DE,DE
merged_1281.jpg,DE-250.jpg,DE,DE
merged_1282.jpg,DE-251.jpg,DE,DE
merged_1283.jpg,DE-252.jpg,DE,DE
merged_1284.jpg,DE-253.jpg,DE,DE
merged_1285.jpg,DE-254.jpg,DE,DE
merged_1286.jpg,DE-255.jpg,DE,DE
merged_1287.jpg,DE-256.jpg,DE,DE
merged_1288.jpg,DE-257.jpg,DE,DE
merged_1289.jpg,DE-258.jpg,DE,DE
merged_1290.jpg,DE-259.jpg,DE,DE
merged_1291.jpg,DE-26.jpg,DE,DE
merged_1292.jpg,DE-260.jpg,DE,DE
merged_1293.jpg,DE-261.jpg,DE,DE
merged_1294.jpg,DE-262.jpg,DE,DE
merged_1295.jpg,DE-263.jpg,DE,DE
merged_1296.jpg,DE-264.jpg,DE,DE
merged_1297.jpg,DE-265.jpg,DE,DE
merged_1298.jpg,DE-266.jpg,DE,DE
merged_1299.jpg,DE-267.jpg,DE,DE
merged_1300.jpg,DE-268.jpg,DE,DE
merged_1301.jpg,DE-269.jpg,DE,DE
merged_1302.jpg,DE-27.jpg,DE,DE
merged_1303.jpg,DE-270.jpg,DE,DE
merged_1304.jpg,DE-271.jpg,DE,DE
merged_1305.jpg,DE-272.jpg,DE,DE
merged_1306.jpg,DE-273.jpg,DE,DE
merged_1307.jpg,DE-274.jpg,DE,DE
merged_1308.jpg,DE-275.jpg,DE,DE
merged_1309.jpg,DE-276.jpg,DE,DE
merged_1310.jpg,DE-277.jpg,DE,DE
merged_1311.jpg,DE-278.jpg,DE,DE
merged_1312.jpg,DE-279.jpg,DE,DE
merged_1313.jpg,DE-28.jpg,DE,DE
merged_1314.jpg,DE-280.jpg,DE,DE
merged_1315.jpg,DE-281.jpg,DE,DE
merged_1316.jpg,DE-282.jpg,DE,DE
merged_1317.jpg,DE-283.jpg,DE,DE
merged_1318.jpg,DE-284.jpg,DE,DE
merged_1319.jpg,DE-285.jpg,DE,DE
merged_1320.jpg,DE-286.jpg,DE,DE
merged_1321.jpg,DE-287.jpg,DE,DE
merged_1322.jpg,DE-288.jpg,DE,DE
merged_1323.jpg,DE-289.jpg,DE,DE
merged_1324.jpg,DE-29.jpg,DE,DE
merged_1325.jpg,DE-290.jpg,DE,DE
merged_1326.jpg,DE-291.jpg,DE,DE
merged_1327.jpg,DE-292.jpg,DE,DE
merged_1328.jpg,DE-293.jpg,DE,DE
merged_1329.jpg,DE-294.jpg,DE,DE
merged_1330.jpg,DE-295.jpg,DE,DE
merged_1331.jpg,DE-296.jpg,DE,DE
merged_1332.jpg,DE-297.jpg,DE,DE
merged_1333.jpg,DE-298.jpg,DE,DE
merged_1334.jpg,DE-299.jpg,DE,DE
merged_1335.jpg,DE-3.jpg,DE,DE
merged_1336.jpg,DE-30.jpg,DE,DE
merged_1337.jpg,DE-300.jpg,DE,DE
merged_1338.jpg,DE-301.jpg,DE,DE
merged_1339.jpg,DE-302.jpg,DE,DE
merged_1340.jpg,DE-303.jpg,DE,DE
merged_1341.jpg,DE-304.jpg,DE,DE
merged_1342.jpg,DE-305.jpg,DE,DE
merged_1343.jpg,DE-306.jpg,DE,DE
merged_1344.jpg,DE-307.jpg,DE,DE
merged_1345.jpg,DE-308.jpg,DE,DE
merged_1346.jpg,DE-309.jpg,DE,DE
merged_1347.jpg,DE-31.jpg,DE,DE
merged_1348.jpg,DE-310.jpg,DE,DE
merged_1349.jpg,DE-311.jpg,DE,DE
merged_1350.jpg,DE-312.jpg,DE,DE
merged_1351.jpg,DE-313.jpg,DE,DE
merged_1352.jpg,DE-314.jpg,DE,DE
merged_1353.jpg,DE-315.jpg,DE,DE
merged_1354.jpg,DE-316.jpg,DE,DE
merged_1355.jpg,DE-317.jpg,DE,DE
merged_1356.jpg,DE-318.jpg,DE,DE
merged_1357.jpg,DE-319.jpg,DE,DE
merged_1358.jpg,DE-32.jpg,DE,DE
merged_1359.jpg,DE-320.jpg,DE,DE
merged_1360.jpg,DE-321.jpg,DE,DE
merged_1361.jpg,DE-322.jpg,DE,DE
merged_1362.jpg,DE-323.jpg,DE,DE
merged_1363.jpg,DE-324.jpg,DE,DE
merged_1364.jpg,DE-325.jpg,DE,DE
merged_1365.jpg,DE-326.jpg,DE,DE
merged_1366.jpg,DE-327.jpg,DE,DE
merged_1367.jpg,DE-328.jpg,DE,DE
merged_1368.jpg,DE-329.jpg,DE,DE
merged_1369.jpg,DE-33.jpg,DE,DE
merged_1370.jpg,DE-330.jpg,DE,DE
merged_1371.jpg,DE-331.jpg,DE,DE
merged_1372.jpg,DE-332.jpg,DE,DE
merged_1373.jpg,DE-333.jpg,DE,DE
merged_1374.jpg,DE-334.jpg,DE,DE
merged_1375.jpg,DE-335.jpg,DE,DE
merged_1376.jpg,DE-336.jpg,DE,DE
merged_1377.jpg,DE-337.jpg,DE,DE
merged_1378.jpg,DE-338.jpg,DE,DE
merged_1379.jpg,DE-339.jpg,DE,DE
merged_1380.jpg,DE-34.jpg,DE,DE
merged_1381.jpg,DE-340.jpg,DE,DE
merged_1382.jpg,DE-341.jpg,DE,DE
merged_1383.jpg,DE-342.jpg,DE,DE
merged_1384.jpg,DE-35.jpg,DE,DE
merged_1385.jpg,DE-36.jpg,DE,DE
merged_1386.jpg,DE-37.jpg,DE,DE
merged_1387.jpg,DE-38.jpg,DE,DE
merged_1388.jpg,DE-39.jpg,DE,DE
merged_1389.jpg,DE-4.jpg,DE,DE
merged_1390.jpg,DE-40.jpg,DE,DE
merged_1391.jpg,DE-41.jpg,DE,DE
merged_1392.jpg,DE-42.jpg,DE,DE
merged_1393.jpg,DE-43.jpg,DE,DE
merged_1394.jpg,DE-44.jpg,DE,DE
merged_1395.jpg,DE-45.jpg,DE,DE
merged_1396.jpg,DE-46.jpg,DE,DE
merged_1397.jpg,DE-47.jpg,DE,DE
merged_1398.jpg,DE-48.jpg,DE,DE
merged_1399.jpg,DE-49.jpg,DE,DE
merged_1400.jpg,DE-5.jpg,DE,DE
merged_1401.jpg,DE-50.jpg,DE,DE
merged_1402.jpg,DE-51.jpg,DE,DE
merged_1403.jpg,DE-52.jpg,DE,DE
merged_1404.jpg,DE-53.jpg,DE,DE
merged_1405.jpg,DE-54.jpg,DE,DE
merged_1406.jpg,DE-55.jpg,DE,DE
merged_1407.jpg,DE-56.jpg,DE,DE
merged_1408.jpg,DE-57.jpg,DE,DE
merged_1409.jpg,DE-58.jpg,DE,DE
merged_1410.jpg,DE-59.jpg,DE,DE
merged_1411.jpg,DE-6.jpg,DE,DE
merged_1412.jpg,DE-60.jpg,DE,DE
merged_1413.jpg,DE-61.jpg,DE,DE
merged_1414.jpg,DE-62.jpg,DE,DE
merged_1415.jpg,DE-63.jpg,DE,DE
merged_1416.jpg,DE-64.jpg,DE,DE
merged_1417.jpg,DE-65.jpg,DE,DE
merged_1418.jpg,DE-66.jpg,DE,DE
merged_1419.jpg,DE-67.jpg,DE,DE
merged_1420.jpg,DE-68.jpg,DE,DE
merged_1421.jpg,DE-69.jpg,DE,DE
merged_1422.jpg,DE-7.jpg,DE,DE
merged_1423.jpg,DE-70.jpg,DE,DE
merged_1424.jpg,DE-71.jpg,DE,DE
merged_1425.jpg,DE-72.jpg,DE,DE
merged_1426.jpg,DE-73.jpg,DE,DE
merged_1427.jpg,DE-74.jpg,DE,DE
merged_1428.jpg,DE-75.jpg,DE,DE
merged_1429.jpg,DE-76.jpg,DE,DE
merged_1430.jpg,DE-77.jpg,DE,DE
merged_1431.jpg,DE-78.jpg,DE,DE
merged_1432.jpg,DE-79.jpg,DE,DE
merged_1433.jpg,DE-8.jpg,DE,DE
merged_1434.jpg,DE-80.jpg,DE,DE
merged_1435.jpg,DE-81.jpg,DE,DE
merged_1436.jpg,DE-82.jpg,DE,DE
merged_1437.jpg,DE-83.jpg,DE,DE
merged_1438.jpg,DE-84.jpg,DE,DE
merged_1439.jpg,DE-85.jpg,DE,DE
merged_1440.jpg,DE-86.jpg,DE,DE
merged_1441.jpg,DE-87.jpg,DE,DE
merged_1442.jpg,DE-88.jpg,DE,DE
merged_1443.jpg,DE-89.jpg,DE,DE
merged_1444.jpg,DE-9.jpg,DE,DE
merged_1445.jpg,DE-90.jpg,DE,DE
merged_1446.jpg,DE-91.jpg,DE,DE
merged_1447.jpg,DE-92.jpg,DE,DE
merged_1448.jpg,DE-93.jpg,DE,DE
merged_1449.jpg,DE-94.jpg,DE,DE
merged_1450.jpg,DE-95.jpg,DE,DE
merged_1451.jpg,DE-96.jpg,DE,DE
merged_1452.jpg,DE-97.jpg,DE,DE
merged_1453.jpg,DE-98.jpg,DE,DE
merged_1454.jpg,DE-99.jpg,DE,DE
merged_1455.jpg,DZ-0.jpg,DZ,DZ
merged_1456.jpg,DZ-1.jpg,DZ,DZ
merged_1457.jpg,EE-0.jpg,EE,EE
merged_1458.jpg,EE-1.jpg,EE,EE
merged_1459.jpg,EE-2.jpg,EE,EE
merged_1460.jpg,EE-3.jpg,EE,EE
merged_1461.jpg,ES-0.jpg,ES,ES
merged_1462.jpg,ES-1.jpg,ES,ES
merged_1463.jpg,ES-2.jpg,ES,ES
merged_1464.jpg,ES-3.jpg,ES,ES
merged_1465.jpg,ES-4.jpg,ES,ES
merged_1466.jpg,ES-5.jpg,ES,ES
merged_1467.jpg,ES-6.jpg,ES,ES
merged_1468.jpg,ES-7.jpg,ES,ES
merged_1469.jpg,FI-0.jpg,FI,FI
merged_1470.jpg,FI-1.jpg,FI,FI
merged_1471.jpg,FI-10.jpg,FI,FI
merged_1472.jpg,FI-11.jpg,FI,FI
merged_1473.jpg,FI-12.jpg,FI,FI
merged_1474.jpg,FI-13.jpg,FI,FI
merged_1475.jpg,FI-14.jpg,FI,FI
merged_1476.jpg,FI-15.jpg,FI,FI
merged_1477.jpg,FI-16.jpg,FI,FI
merged_1478.jpg,FI-17.jpg,FI,FI
merged_1479.jpg,FI-18.jpg,FI,FI
merged_1480.jpg,FI-19.jpg,FI,FI
merged_1481.jpg,FI-2.jpg,FI,FI
merged_1482.jpg,FI-20.jpg,FI,FI
merged_1483.jpg,FI-21.jpg,FI,FI
merged_1484.jpg,FI-22.jpg,FI,FI
merged_1485.jpg,FI-23.jpg,FI,FI
merged_1486.jpg,FI-24.jpg,FI,FI
merged_1487.jpg,FI-25.jpg,FI,FI
merged_1488.jpg,FI-26.jpg,FI,FI
merged_1489.jpg,FI-27.jpg,FI,FI
merged_1490.jpg,FI-28.jpg,FI,FI
merged_1491.jpg,FI-29.jpg,FI,FI
merged_1492.jpg,FI-3.jpg,FI,FI
merged_1493.jpg,FI-30.jpg,FI,FI
merged_1494.jpg,FI-31.jpg,FI,FI
merged_1495.jpg,FI-32.jpg,FI,FI
merged_1496.jpg,FI-33.jpg,FI,FI
merged_1497.jpg,FI-34.jpg,FI,FI
merged_1498.jpg,FI-35.jpg,FI,FI
merged_1499.jpg,FI-36.jpg,FI,FI
merged_1500.jpg,FI-37.jpg,FI,FI
merged_1501.jpg,FI-38.jpg,FI,FI
merged_1502.jpg,FI-39.jpg,FI,FI
merged_1503.jpg,FI-4.jpg,FI,FI
merged_1504.jpg,FI-40.jpg,FI,FI
merged_1505.jpg,FI-41.jpg,FI,FI
merged_1506.jpg,FI-42.jpg,FI,FI
merged_1507.jpg,FI-43.jpg,FI,FI
merged_1508.jpg,FI-44.jpg,FI,FI
merged_1509.jpg,FI-45.jpg,FI,FI
merged_1510.jpg,FI-46.jpg,FI,FI
merged_1511.jpg,FI-47.jpg,FI,FI
merged_1512.jpg,FI-48.jpg,FI,FI
merged_1513.jpg,FI-5.jpg,FI,FI
merged_1514.jpg,FI-6.jpg,FI,FI
merged_1515.jpg,FI-7.jpg,FI,FI
merged_1516.jpg,FI-8.jpg,FI,FI
merged_1517.jpg,FI-9.jpg,FI,FI
merged_1518.jpg,FR-0.jpg,FR,FR
merged_1519.jpg,FR-1.jpg,FR,FR
merged_1520.jpg,FR-10.jpg,FR,FR
merged_1521.jpg,FR-11.jpg,FR,FR
merged_1522.jpg,FR-12.jpg,FR,FR
merged_1523.jpg,FR-13.jpg,FR,FR
merged_1524.jpg,FR-14.jpg,FR,FR
merged_1525.jpg,FR-15.jpg,FR,FR
merged_1526.jpg,FR-16.jpg,FR,FR
merged_1527.jpg,FR-17.jpg,FR,FR
merged_1528.jpg,FR-18.jpg,FR,FR
merged_1529.jpg,FR-19.jpg,FR,FR
merged_1530.jpg,FR-2.jpg,FR,FR
merged_1531.jpg,FR-20.jpg,FR,FR
merged_1532.jpg,FR-21.jpg,FR,FR
merged_1533.jpg,FR-22.jpg,FR,FR
merged_1534.jpg,FR-23.jpg,FR,FR
merged_1535.jpg,FR-24.jpg,FR,FR
merged_1536.jpg,FR-25.jpg,FR,FR
merged_1537.jpg,FR-26.jpg,FR,FR
merged_1538.jpg,FR-27.jpg,FR,FR
merged_1539.jpg,FR-28.jpg,FR,FR
merged_1540.jpg,FR-29.jpg,FR,FR
merged_1541.jpg,FR-3.jpg,FR,FR
merged_1542.jpg,FR-4.jpg,FR,FR
merged_1543.jpg,FR-5.jpg,FR,FR
merged_1544.jpg,FR-6.jpg,FR,FR
merged_1545.jpg,FR-7.jpg,FR,FR
merged_1546.jpg,FR-8.jpg,FR,FR
merged_1547.jpg,FR-9.jpg,FR,FR
merged_1548.jpg,GB-0.jpg,GB,GB
merged_1549.jpg,GB-1.jpg,GB,GB
merged_1550.jpg,GB-10.jpg,GB,GB
merged_1551.jpg,GB-11.jpg,GB,GB
merged_1552.jpg,GB-12.jpg,GB,GB
merged_1553.jpg,GB-13.jpg,GB,GB
merged_1554.jpg,GB-14.jpg,GB,GB
merged_1555.jpg,GB-15.jpg,GB,GB
merged_1556.jpg,GB-16.jpg,GB,GB
merged_1557.jpg,GB-17.jpg,GB,GB
merged_1558.jpg,GB-18.jpg,GB,GB
merged_1559.jpg,GB-19.jpg,GB,GB
merged_1560.jpg,GB-2.jpg,GB,GB
merged_1561.jpg,GB-20.jpg,GB,GB
merged_1562.jpg,GB-21.jpg,GB,GB
merged_1563.jpg,GB-22.jpg,GB,GB
merged_1564.jpg,GB-23.jpg,GB,GB
merged_1565.jpg,GB-24.jpg,GB,GB
merged_1566.jpg,GB-25.jpg,GB,GB
merged_1567.jpg,GB-26.jpg,GB,GB
merged_1568.jpg,GB-27.jpg,GB,GB
merged_1569.jpg,GB-28.jpg,GB,GB
merged_1570.jpg,GB-3.jpg,GB,GB
merged_1571.jpg,GB-4.jpg,GB,GB
merged_1572.jpg,GB-5.jpg,GB,GB
merged_1573.jpg,GB-6.jpg,GB,GB
merged_1574.jpg,GB-7.jpg,GB,GB
merged_1575.jpg,GB-8.jpg,GB,GB
merged_1576.jpg,GB-9.jpg,GB,GB
merged_1577.jpg,GE-0.jpg,GE,GE
merged_1578.jpg,GE-1.jpg,GE,GE
merged_1579.jpg,GE-2.jpg,GE,GE
merged_1580.jpg,GR-0.jpg,GR,GR
merged_1581.jpg,GR-1.jpg,GR,GR
merged_1582.jpg,GR-2.jpg,GR,GR
merged_1583.jpg,GR-3.jpg,GR,GR
merged_1584.jpg,GR-4.jpg,GR,GR
merged_1585.jpg,GR-5.jpg,GR,GR
merged_1586.jpg,GR-6.jpg,GR,GR
merged_1587.jpg,GU-0.jpg,GU,GU
merged_1588.jpg,HK-0.jpg,HK,HK
merged_1589.jpg,HK-1.jpg,HK,HK
merged_1590.jpg,HK-10.jpg,HK,HK
merged_1591.jpg,HK-11.jpg,HK,HK
merged_1592.jpg,HK-12.jpg,HK,HK
merged_1593.jpg,HK-13.jpg,HK,HK
merged_1594.jpg,HK-14.jpg,HK,HK
merged_1595.jpg,HK-2.jpg,HK,HK
merged_1596.jpg,HK-3.jpg,HK,HK
merged_1597.jpg,HK-4.jpg,HK,HK
merged_1598.jpg,HK-5.jpg,HK,HK
merged_1599.jpg,HK-6.jpg,HK,HK
merged_1600.jpg,HK-7.jpg,HK,HK
merged_1601.jpg,HK-8.jpg,HK,HK
merged_1602.jpg,HK-9.jpg,HK,HK
merged_1603.jpg,HR-0.jpg,HR,HR
merged_1604.jpg,HR-1.jpg,HR,HR
merged_1605.jpg,HU-0.jpg,HU,HU
merged_1606.jpg,HU-1.jpg,HU,HU
merged_1607.jpg,HU-2.jpg,HU,HU
merged_1608.jpg,ID-0.jpg,ID,ID
merged_1609.jpg,ID-1.jpg,ID,ID
merged_1610.jpg,IE-0.jpg,IE,IE
merged_1611.jpg,IE-1.jpg,IE,IE
merged_1612.jpg,IE-2.jpg,IE,IE
merged_1613.jpg,IE-3.jpg,IE,IE
merged_1614.jpg,IL-0.jpg,IL,IL
merged_1615.jpg,IN-0.jpg,IN,IN
merged_1616.jpg,IN-1.jpg,IN,IN
merged_1617.jpg,IN-2.jpg,IN,IN
merged_1618.jpg,IN-3.jpg,IN,IN
merged_1619.jpg,IN-4.jpg,IN,IN
merged_1620.jpg,IN-5.jpg,IN,IN
merged_1621.jpg,IS-0.jpg,IS,IS
merged_1622.jpg,IT-0.jpg,IT,IT
merged_1623.jpg,IT-1.jpg,IT,IT
merged_1624.jpg,IT-10.jpg,IT,IT
merged_1625.jpg,IT-11.jpg,IT,IT
merged_1626.jpg,IT-2.jpg,IT,IT
merged_1627.jpg,IT-3.jpg,IT,IT
merged_1628.jpg,IT-4.jpg,IT,IT
merged_1629.jpg,IT-5.jpg,IT,IT
merged_1630.jpg,IT-6.jpg,IT,IT
merged_1631.jpg,IT-7.jpg,IT,IT
merged_1632.jpg,IT-8.jpg,IT,IT
merged_1633.jpg,IT-9.jpg,IT,IT
merged_1634.jpg,JP-0.jpg,JP,JP
merged_1635.jpg,JP-1.jpg,JP,JP
merged_1636.jpg,JP-10.jpg,JP,JP
merged_1637.jpg,JP-11.jpg,JP,JP
merged_1638.jpg,JP-12.jpg,JP,JP
merged_1639.jpg,JP-13.jpg,JP,JP
merged_1640.jpg,JP-14.jpg,JP,JP
merged_1641.jpg,JP-15.jpg,JP,JP
merged_1642.jpg,JP-16.jpg,JP,JP
merged_1643.jpg,JP-17.jpg,JP,JP
merged_1644.jpg,JP-18.jpg,JP,JP
merged_1645.jpg,JP-19.jpg,JP,JP
merged_1646.jpg,JP-2.jpg,JP,JP
merged_1647.jpg,JP-20.jpg,JP,JP
merged_1648.jpg,JP-21.jpg,JP,JP
merged_1649.jpg,JP-22.jpg,JP,JP
merged_1650.jpg,JP-23.jpg,JP,JP
merged_1651.jpg,JP-24.jpg,JP,JP
merged_1652.jpg,JP-25.jpg,JP,JP
merged_1653.jpg,JP-26.jpg,JP,JP
merged_1654.jpg,JP-27.jpg,JP,JP
merged_1655.jpg,JP-28.jpg,JP,JP
merged_1656.jpg,JP-29.jpg,JP,JP
merged_1657.jpg,JP-3.jpg,JP,JP
merged_1658.jpg,JP-30.jpg,JP,JP
merged_1659.jpg,JP-31.jpg,JP,JP
merged_1660.jpg,JP-32.jpg,JP,JP
merged_1661.jpg,JP-33.jpg,JP,JP
merged_1662.jpg,JP-34.jpg,JP,JP
merged_1663.jpg,JP-35.jpg,JP,JP
merged_1664.jpg,JP-36.jpg,JP,JP
merged_1665.jpg,JP-37.jpg,JP,JP
merged_1666.jpg,JP-4.jpg,JP,JP
merged_1667.jpg,JP-5.jpg,JP,JP
merged_1668.jpg,JP-6.jpg,JP,JP
merged_1669.jpg,JP-7.jpg,JP,JP
merged_1670.jpg,JP-8.jpg,JP,JP
merged_1671.jpg,JP-9.jpg,JP,JP
merged_1672.jpg,KR-0.jpg,KR,KR
merged_1673.jpg,KR-1.jpg,KR,KR
merged_1674.jpg,KR-2.jpg,KR,KR
merged_1675.jpg,KR-3.jpg,KR,KR
merged_1676.jpg,KR-4.jpg,KR,KR
merged_1677.jpg,KZ-0.jpg,KZ,KZ
merged_1678.jpg,KZ-1.jpg,KZ,KZ
merged_1679.jpg,LC-0.jpg,LC,LC
merged_1680.jpg,LT-0.jpg,LT,LT
merged_1681.jpg,LT-1.jpg,LT,LT
merged_1682.jpg,LT-10.jpg,LT,LT
merged_1683.jpg,LT-11.jpg,LT,LT
merged_1684.jpg,LT-12.jpg,LT,LT
merged_1685.jpg,LT-13.jpg,LT,LT
merged_1686.jpg,LT-2.jpg,LT,LT
merged_1687.jpg,LT-3.jpg,LT,LT
merged_1688.jpg,LT-4.jpg,LT,LT
merged_1689.jpg,LT-5.jpg,LT,LT
merged_1690.jpg,LT-6.jpg,LT,LT
merged_1691.jpg,LT-7.jpg,LT,LT
merged_1692.jpg,LT-8.jpg,LT,LT
merged_1693.jpg,LT-9.jpg,LT,LT
merged_1694.jpg,LU-0.jpg,LU,LU
merged_1695.jpg,LU-1.jpg,LU,LU
merged_1696.jpg,LU-2.jpg,LU,LU
merged_1697.jpg,LU-3.jpg,LU,LU
merged_1698.jpg,LV-0.jpg,LV,LV
merged_1699.jpg,LV-1.jpg,LV,LV
merged_1700.jpg,LV-2.jpg,LV,LV
merged_1701.jpg,LV-3.jpg,LV,LV
merged_1702.jpg,MD-0.jpg,MD,MD
merged_1703.jpg,MD-1.jpg,MD,MD
merged_1704.jpg,MT-0.jpg,MT,MT
merged_1705.jpg,MX-0.jpg,MX,MX
merged_1706.jpg,MY-0.jpg,MY,MY
merged_1707.jpg,MY-1.jpg,MY,MY
merged_1708.jpg,MY-2.jpg,MY,MY
merged_1709.jpg,MY-3.jpg,MY,MY
merged_1710.jpg,MY-4.jpg,MY,MY
merged_1711.jpg,NL-0.jpg,NL,NL
merged_1712.jpg,NL-1.jpg,NL,NL
merged_1713.jpg,NL-10.jpg,NL,NL
merged_1714.jpg,NL-11.jpg,NL,NL
merged_1715.jpg,NL-12.jpg,NL,NL
merged_1716.jpg,NL-13.jpg,NL,NL
merged_1717.jpg,NL-14.jpg,NL,NL
merged_1718.jpg,NL-15.jpg,NL,NL
merged_1719.jpg,NL-16.jpg,NL,NL
merged_1720.jpg,NL-17.jpg,NL,NL
merged_1721.jpg,NL-18.jpg,NL,NL
merged_1722.jpg,NL-19.jpg,NL,NL
merged_1723.jpg,NL-2.jpg,NL,NL
merged_1724.jpg,NL-20.jpg,NL,NL
merged_1725.jpg,NL-21.jpg,NL,NL
merged_1726.jpg,NL-22.jpg,NL,NL
merged_1727.jpg,NL-23.jpg,NL,NL
merged_1728.jpg,NL-24.jpg,NL,NL
merged_1729.jpg,NL-25.jpg,NL,NL
merged_1730.jpg,NL-26.jpg,NL,NL
merged_1731.jpg,NL-27.jpg,NL,NL
merged_1732.jpg,NL-28.jpg,NL,NL
merged_1733.jpg,NL-29.jpg,NL,NL
merged_1734.jpg,NL-3.jpg,NL,NL
merged_1735.jpg,NL-30.jpg,NL,NL
merged_1736.jpg,NL-31.jpg,NL,NL
merged_1737.jpg,NL-32.jpg,NL,NL
merged_1738.jpg,NL-33.jpg,NL,NL
merged_1739.jpg,NL-34.jpg,NL,NL
merged_1740.jpg,NL-35.jpg,NL,NL
merged_1741.jpg,NL-36.jpg,NL,NL
merged_1742.jpg,NL-37.jpg,NL,NL
merged_1743.jpg,NL-38.jpg,NL,NL
merged_1744.jpg,NL-39.jpg,NL,NL
merged_1745.jpg,NL-4.jpg,NL,NL
merged_1746.jpg,NL-40.jpg,NL,NL
merged_1747.jpg,NL-41.jpg,NL,NL
merged_1748.jpg,NL-42.jpg,NL,NL
merged_1749.jpg,NL-43.jpg,NL,NL
merged_1750.jpg,NL-44.jpg,NL,NL
merged_1751.jpg,NL-45.jpg,NL,NL
merged_1752.jpg,NL-46.jpg,NL,NL
merged_1753.jpg,NL-47.jpg,NL,NL
merged_1754.jpg,NL-48.jpg,NL,NL
merged_1755.jpg,NL-49.jpg,NL,NL
merged_1756.jpg,NL-5.jpg,NL,NL
merged_1757.jpg,NL-50.jpg,NL,NL
merged_1758.jpg,NL-51.jpg,NL,NL
merged_1759.jpg,NL-52.jpg,NL,NL
merged_1760.jpg,NL-53.jpg,NL,NL
merged_1761.jpg,NL-54.jpg,NL,NL
merged_1762.jpg,NL-55.jpg,NL,NL
merged_1763.jpg,NL-56.jpg,NL,NL
merged_1764.jpg,NL-57.jpg,NL,NL
merged_1765.jpg,NL-58.jpg,NL,NL
merged_1766.jpg,NL-59.jpg,NL,NL
merged_1767.jpg,NL-6.jpg,NL,NL
merged_1768.jpg,NL-60.jpg,NL,NL
merged_1769.jpg,NL-61.jpg,NL,NL
merged_1770.jpg,NL-62.jpg,NL,NL
merged_1771.jpg,NL-63.jpg,NL,NL
merged_1772.jpg,NL-7.jpg,NL,NL
merged_1773.jpg,NL-8.jpg,NL,NL
merged_1774.jpg,NL-9.jpg,NL,NL
merged_1775.jpg,NO-0.jpg,NO,NO
merged_1776.jpg,NO-1.jpg,NO,NO
merged_1777.jpg,NZ-0.jpg,NZ,NZ
merged_1778.jpg,PL-0.jpg,PL,PL
merged_1779.jpg,PL-1.jpg,PL,PL
merged_1780.jpg,PL-10.jpg,PL,PL
merged_1781.jpg,PL-11.jpg,PL,PL
merged_1782.jpg,PL-2.jpg,PL,PL
merged_1783.jpg,PL-3.jpg,PL,PL
merged_1784.jpg,PL-4.jpg,PL,PL
merged_1785.jpg,PL-5.jpg,PL,PL
merged_1786.jpg,PL-6.jpg,PL,PL
merged_1787.jpg,PL-7.jpg,PL,PL
merged_1788.jpg,PL-8.jpg,PL,PL
merged_1789.jpg,PL-9.jpg,PL,PL
merged_1790.jpg,PS-0.jpg,PS,PS
merged_1791.jpg,PT-0.jpg,PT,PT
merged_1792.jpg,PT-1.jpg,PT,PT
merged_1793.jpg,PT-10.jpg,PT,PT
merged_1794.jpg,PT-11.jpg,PT,PT
merged_1795.jpg,PT-2.jpg,PT,PT
merged_1796.jpg,PT-3.jpg,PT,PT
merged_1797.jpg,PT-4.jpg,PT,PT
merged_1798.jpg,PT-5.jpg,PT,PT
merged_1799.jpg,PT-6.jpg,PT,PT
merged_1800.jpg,PT-7.jpg,PT,PT
merged_1801.jpg,PT-8.jpg,PT,PT
merged_1802.jpg,PT-9.jpg,PT,PT
merged_1803.jpg,RO-0.jpg,RO,RO
merged_1804.jpg,RO-1.jpg,RO,RO
merged_1805.jpg,RO-2.jpg,RO,RO
merged_1806.jpg,RO-3.jpg,RO,RO
merged_1807.jpg,RU-0.jpg,RU,RU
merged_1808.jpg,RU-1.jpg,RU,RU
merged_1809.jpg,RU-10.jpg,RU,RU
merged_1810.jpg,RU-100.jpg,RU,RU
merged_1811.jpg,RU-101.jpg,RU,RU
merged_1812.jpg,RU-102.jpg,RU,RU
merged_1813.jpg,RU-103.jpg,RU,RU
merged_1814.jpg,RU-104.jpg,RU,RU
merged_1815.jpg,RU-105.jpg,RU,RU
merged_1816.jpg,RU-106.jpg,RU,RU
merged_1817.jpg,RU-107.jpg,RU,RU
merged_1818.jpg,RU-108.jpg,RU,RU
merged_1819.jpg,RU-109.jpg,RU,RU
merged_1820.jpg,RU-11.jpg,RU,RU
merged_1821.jpg,RU-110.jpg,RU,RU
merged_1822.jpg,RU-111.jpg,RU,RU
merged_1823.jpg,RU-112.jpg,RU,RU
merged_1824.jpg,RU-113.jpg,RU,RU
merged_1825.jpg,RU-114.jpg,RU,RU
merged_1826.jpg,RU-115.jpg,RU,RU
merged_1827.jpg,RU-116.jpg,RU,RU
merged_1828.jpg,RU-117.jpg,RU,RU
merged_1829.jpg,RU-118.jpg,RU,RU
merged_1830.jpg,RU-119.jpg,RU,RU
merged_1831.jpg,RU-12.jpg,RU,RU
merged_1832.jpg,RU-120.jpg,RU,RU
merged_1833.jpg,RU-121.jpg,RU,RU
merged_1834.jpg,RU-122.jpg,RU,RU
merged_1835.jpg,RU-123.jpg,RU,RU
merged_1836.jpg,RU-124.jpg,RU,RU
merged_1837.jpg,RU-13.jpg,RU,RU
merged_1838.jpg,RU-14.jpg,RU,RU
merged_1839.jpg,RU-15.jpg,RU,RU
merged_1840.jpg,RU-16.jpg,RU,RU
merged_1841.jpg,RU-17.jpg,RU,RU
merged_1842.jpg,RU-18.jpg,RU,RU
merged_1843.jpg,RU-19.jpg,RU,RU
merged_1844.jpg,RU-2.jpg,RU,RU
merged_1845.jpg,RU-20.jpg,RU,RU
merged_1846.jpg,RU-21.jpg,RU,RU
merged_1847.jpg,RU-22.jpg,RU,RU
merged_1848.jpg,RU-23.jpg,RU,RU
merged_1849.jpg,RU-24.jpg,RU,RU
merged_1850.jpg,RU-25.jpg,RU,RU
merged_1851.jpg,RU-26.jpg,RU,RU
merged_1852.jpg,RU-27.jpg,RU,RU
merged_1853.jpg,RU-28.jpg,RU,RU
merged_1854.jpg,RU-29.jpg,RU,RU
merged_1855.jpg,RU-3.jpg,RU,RU
merged_1856.jpg,RU-30.jpg,RU,RU
merged_1857.jpg,RU-31.jpg,RU,RU
merged_1858.jpg,RU-32.jpg,RU,RU
merged_1859.jpg,RU-33.jpg,RU,RU
merged_1860.jpg,RU-34.jpg,RU,RU
merged_1861.jpg,RU-35.jpg,RU,RU
merged_1862.jpg,RU-36.jpg,RU,RU
merged_1863.jpg,RU-37.jpg,RU,RU
merged_1864.jpg,RU-38.jpg,RU,RU
merged_1865.jpg,RU-39.jpg,RU,RU
merged_1866.jpg,RU-4.jpg,RU,RU
merged_1867.jpg,RU-40.jpg,RU,RU
merged_1868.jpg,RU-41.jpg,RU,RU
merged_1869.jpg,RU-42.jpg,RU,RU
merged_1870.jpg,RU-43.jpg,RU,RU
merged_1871.jpg,RU-44.jpg,RU,RU
merged_1872.jpg,RU-45.jpg,RU,RU
merged_1873.jpg,RU-46.jpg,RU,RU
merged_1874.jpg,RU-47.jpg,RU,RU
merged_1875.jpg,RU-48.jpg,RU,RU
merged_1876.jpg,RU-49.jpg,RU,RU
merged_1877.jpg,RU-5.jpg,RU,RU
merged_1878.jpg,RU-50.jpg,RU,RU
merged_1879.jpg,RU-51.jpg,RU,RU
merged_1880.jpg,RU-52.jpg,RU,RU
merged_1881.jpg,RU-53.jpg,RU,RU
merged_1882.jpg,RU-54.jpg,RU,RU
merged_1883.jpg,RU-55.jpg,RU,RU
merged_1884.jpg,RU-56.jpg,RU,RU
merged_1885.jpg,RU-57.jpg,RU,RU
merged_1886.jpg,RU-58.jpg,RU,RU
merged_1887.jpg,RU-59.jpg,RU,RU
merged_1888.jpg,RU-6.jpg,RU,RU
merged_1889.jpg,RU-60.jpg,RU,RU
merged_1890.jpg,RU-61.jpg,RU,RU
merged_1891.jpg,RU-62.jpg,RU,RU
merged_1892.jpg,RU-63.jpg,RU,RU
merged_1893.jpg,RU-64.jpg,RU,RU
merged_1894.jpg,RU-65.jpg,RU,RU
merged_1895.jpg,RU-66.jpg,RU,RU
merged_1896.jpg,RU-67.jpg,RU,RU
merged_1897.jpg,RU-68.jpg,RU,RU
merged_1898.jpg,RU-69.jpg,RU,RU
merged_1899.jpg,RU-7.jpg,RU,RU
merged_1900.jpg,RU-70.jpg,RU,RU
merged_1901.jpg,RU-71.jpg,RU,RU
merged_1902.jpg,RU-72.jpg,RU,RU
merged_1903.jpg,RU-73.jpg,RU,RU
merged_1904.jpg,RU-74.jpg,RU,RU
merged_1905.jpg,RU-75.jpg,RU,RU
merged_1906.jpg,RU-76.jpg,RU,RU
merged_1907.jpg,RU-77.jpg,RU,RU
merged_1908.jpg,RU-78.jpg,RU,RU
merged_1909.jpg,RU-79.jpg,RU,RU
merged_1910.jpg,RU-8.jpg,RU,RU
merged_1911.jpg,RU-80.jpg,RU,RU
merged_1912.jpg,RU-81.jpg,RU,RU
merged_1913.jpg,RU-82.jpg,RU,RU
merged_1914.jpg,RU-83.jpg,RU,RU
merged_1915.jpg,RU-84.jpg,RU,RU
merged_1916.jpg,RU-85.jpg,RU,RU
merged_1917.jpg,RU-86.jpg,RU,RU
merged_1918.jpg,RU-87.jpg,RU,RU
merged_1919.jpg,RU-88.jpg,RU,RU
merged_1920.jpg,RU-89.jpg,RU,RU
merged_1921.jpg,RU-9.jpg,RU,RU
merged_1922.jpg,RU-90.jpg,RU,RU
merged_1923.jpg,RU-91.jpg,RU,RU
merged_1924.jpg,RU-92.jpg,RU,RU
merged_1925.jpg,RU-93.jpg,RU,RU
merged_1926.jpg,RU-94.jpg,RU,RU
merged_1927.jpg,RU-95.jpg,RU,RU
merged_1928.jpg,RU-96.jpg,RU,RU
merged_1929.jpg,RU-97.jpg,RU,RU
merged_1930.jpg,RU-98.jpg,RU,RU
merged_1931.jpg,RU-99.jpg,RU,RU
merged_1932.jpg,SE-0.jpg,SE,SE
merged_1933.jpg,SG-0.jpg,SG,SG
merged_1934.jpg,SG-1.jpg,SG,SG
merged_1935.jpg,SG-2.jpg,SG,SG
merged_1936.jpg,SG-3.jpg,SG,SG
merged_1937.jpg,SG-4.jpg,SG,SG
merged_1938.jpg,SI-0.jpg,SI,SI
merged_1939.jpg,SI-1.jpg,SI,SI
merged_1940.jpg,SI-2.jpg,SI,SI
merged_1941.jpg,SI-3.jpg,SI,SI
merged_1942.jpg,SI-4.jpg,SI,SI
merged_1943.jpg,SK-0.jpg,SK,SK
merged_1944.jpg,SK-1.jpg,SK,SK
merged_1945.jpg,SK-2.jpg,SK,SK
merged_1946.jpg,TH-0.jpg,TH,TH
merged_1947.jpg,TW-0.jpg,TW,TW
merged_1948.jpg,TW-1.jpg,TW,TW
merged_1949.jpg,TW-10.jpg,TW,TW
merged_1950.jpg,TW-11.jpg,TW,TW
merged_1951.jpg,TW-12.jpg,TW,TW
merged_1952.jpg,TW-13.jpg,TW,TW
merged_1953.jpg,TW-14.jpg,TW,TW
merged_1954.jpg,TW-15.jpg,TW,TW
merged_1955.jpg,TW-16.jpg,TW,TW
merged_1956.jpg,TW-17.jpg,TW,TW
merged_1957.jpg,TW-18.jpg,TW,TW
merged_1958.jpg,TW-19.jpg,TW,TW
merged_1959.jpg,TW-2.jpg,TW,TW
merged_1960.jpg,TW-20.jpg,TW,TW
merged_1961.jpg,TW-21.jpg,TW,TW
merged_1962.jpg,TW-22.jpg,TW,TW
merged_1963.jpg,TW-23.jpg,TW,TW
merged_1964.jpg,TW-24.jpg,TW,TW
merged_1965.jpg,TW-3.jpg,TW,TW
merged_1966.jpg,TW-4.jpg,TW,TW
merged_1967.jpg,TW-5.jpg,TW,TW
merged_1968.jpg,TW-6.jpg,TW,TW
merged_1969.jpg,TW-7.jpg,TW,TW
merged_1970.jpg,TW-8.jpg,TW,TW
merged_1971.jpg,TW-9.jpg,TW,TW
merged_1972.jpg,UA-0.jpg,UA,UA
merged_1973.jpg,UA-1.jpg,UA,UA
merged_1974.jpg,UA-2.jpg,UA,UA
merged_1975.jpg,UA-3.jpg,UA,UA
merged_1976.jpg,UA-4.jpg,UA,UA
merged_1977.jpg,UA-5.jpg,UA,UA
merged_1978.jpg,UA-6.jpg,UA,UA
merged_1979.jpg,UA-7.jpg,UA,UA
merged_1980.jpg,UA-8.jpg,UA,UA
merged_1981.jpg,US-0.jpg,US,US
merged_1982.jpg,US-1.jpg,US,US
merged_1983.jpg,US-10.jpg,US,US
merged_1984.jpg,US-100.jpg,US,US
merged_1985.jpg,US-101.jpg,US,US
merged_1986.jpg,US-102.jpg,US,US
merged_1987.jpg,US-103.jpg,US,US
merged_1988.jpg,US-104.jpg,US,US
merged_1989.jpg,US-105.jpg,US,US
merged_1990.jpg,US-106.jpg,US,US
merged_1991.jpg,US-107.jpg,US,US
merged_1992.jpg,US-108.jpg,US,US
merged_1993.jpg,US-109.jpg,US,US
merged_1994.jpg,US-11.jpg,US,US
merged_1995.jpg,US-110.jpg,US,US
merged_1996.jpg,US-111.jpg,US,US
merged_1997.jpg,US-112.jpg,US,US
merged_1998.jpg,US-113.jpg,US,US
merged_1999.jpg,US-114.jpg,US,US
merged_2000.jpg,US-115.jpg,US,US
merged_2001.jpg,US-116.jpg,US,US
merged_2002.jpg,US-117.jpg,US,US
merged_2003.jpg,US-118.jpg,US,US
merged_2004.jpg,US-119.jpg,US,US
merged_2005.jpg,US-12.jpg,US,US
merged_2006.jpg,US-120.jpg,US,US
merged_2007.jpg,US-121.jpg,US,US
merged_2008.jpg,US-122.jpg,US,US
merged_2009.jpg,US-123.jpg,US,US
merged_2010.jpg,US-124.jpg,US,US
merged_2011.jpg,US-125.jpg,US,US
merged_2012.jpg,US-126.jpg,US,US
merged_2013.jpg,US-127.jpg,US,US
merged_2014.jpg,US-128.jpg,US,US
merged_2015.jpg,US-129.jpg,US,US
merged_2016.jpg,US-13.jpg,US,US
merged_2017.jpg,US-130.jpg,US,US
merged_2018.jpg,US-131.jpg,US,US
merged_2019.jpg,US-132.jpg,US,US
merged_2020.jpg,US-133.jpg,US,US
merged_2021.jpg,US-134.jpg,US,US
merged_2022.jpg,US-135.jpg,US,US
merged_2023.jpg,US-136.jpg,US,US
merged_2024.jpg,US-137.jpg,US,US
merged_2025.jpg,US-138.jpg,US,US
merged_2026.jpg,US-139.jpg,US,US
merged_2027.jpg,US-14.jpg,US,US
merged_2028.jpg,US-140.jpg,US,US
merged_2029.jpg,US-141.jpg,US,US
merged_2030.jpg,US-142.jpg,US,US
merged_2031.jpg,US-143.jpg,US,US
merged_2032.jpg,US-144.jpg,US,US
merged_2033.jpg,US-145.jpg,US,US
merged_2034.jpg,US-146.jpg,US,US
merged_2035.jpg,US-147.jpg,US,US
merged_2036.jpg,US-148.jpg,US,US
merged_2037.jpg,US-149.jpg,US,US
merged_2038.jpg,US-15.jpg,US,US
merged_2039.jpg,US-150.jpg,US,US
merged_2040.jpg,US-151.jpg,US,US
merged_2041.jpg,US-152.jpg,US,US
merged_2042.jpg,US-153.jpg,US,US
merged_2043.jpg,US-154.jpg,US,US
merged_2044.jpg,US-155.jpg,US,US
merged_2045.jpg,US-156.jpg,US,US
merged_2046.jpg,US-157.jpg,US,US
merged_2047.jpg,US-158.jpg,US,US
merged_2048.jpg,US-159.jpg,US,US
merged_2049.jpg,US-16.jpg,US,US
merged_2050.jpg,US-160.jpg,US,US
merged_2051.jpg,US-161.jpg,US,US
merged_2052.jpg,US-162.jpg,US,US
merged_2053.jpg,US-163.jpg,US,US
merged_2054.jpg,US-164.jpg,US,US
merged_2055.jpg,US-165.jpg,US,US
merged_2056.jpg,US-166.jpg,US,US
merged_2057.jpg,US-167.jpg,US,US
merged_2058.jpg,US-168.jpg,US,US
merged_2059.jpg,US-169.jpg,US,US
merged_2060.jpg,US-17.jpg,US,US
merged_2061.jpg,US-170.jpg,US,US
merged_2062.jpg,US-171.jpg,US,US
merged_2063.jpg,US-172.jpg,US,US
merged_2064.jpg,US-173.jpg,US,US
merged_2065.jpg,US-174.jpg,US,US
merged_2066.jpg,US-175.jpg,US,US
merged_2067.jpg,US-176.jpg,US,US
merged_2068.jpg,US-177.jpg,US,US
merged_2069.jpg,US-178.jpg,US,US
merged_2070.jpg,US-179.jpg,US,US
merged_2071.jpg,US-18.jpg,US,US
merged_2072.jpg,US-180.jpg,US,US
merged_2073.jpg,US-181.jpg,US,US
merged_2074.jpg,US-182.jpg,US,US
merged_2075.jpg,US-183.jpg,US,US
merged_2076.jpg,US-184.jpg,US,US
merged_2077.jpg,US-185.jpg,US,US
merged_2078.jpg,US-186.jpg,US,US
merged_2079.jpg,US-187.jpg,US,US
merged_2080.jpg,US-188.jpg,US,US
merged_2081.jpg,US-189.jpg,US,US
merged_2082.jpg,US-19.jpg,US,US
merged_2083.jpg,US-190.jpg,US,US
merged_2084.jpg,US-191.jpg,US,US
merged_2085.jpg,US-192.jpg,US,US
merged_2086.jpg,US-193.jpg,US,US
merged_2087.jpg,US-194.jpg,US,US
merged_2088.jpg,US-195.jpg,US,US
merged_2089.jpg,US-196.jpg,US,US
merged_2090.jpg,US-197.jpg,US,US
merged_2091.jpg,US-198.jpg,US,US
merged_2092.jpg,US-199.jpg,US,US
merged_2093.jpg,US-2.jpg,US,US
merged_2094.jpg,US-20.jpg,US,US
merged_2095.jpg,US-200.jpg,US,US
merged_2096.jpg,US-201.jpg,US,US
merged_2097.jpg,US-202.jpg,US,US
merged_2098.jpg,US-203.jpg,US,US
merged_2099.jpg,US-204.jpg,US,US
merged_2100.jpg,US-205.jpg,US,US
merged_2101.jpg,US-206.jpg,US,US
merged_2102.jpg,US-207.jpg,US,US
merged_2103.jpg,US-208.jpg,US,US
merged_2104.jpg,US-209.jpg,US,US
merged_2105.jpg,US-21.jpg,US,US
merged_2106.jpg,US-210.jpg,US,US
merged_2107.jpg,US-211.jpg,US,US
merged_2108.jpg,US-212.jpg,US,US
merged_2109.jpg,US-213.jpg,US,US
merged_2110.jpg,US-214.jpg,US,US
merged_2111.jpg,US-215.jpg,US,US
merged_2112.jpg,US-216.jpg,US,US
merged_2113.jpg,US-217.jpg,US,US
merged_2114.jpg,US-218.jpg,US,US
merged_2115.jpg,US-219.jpg,US,US
merged_2116.jpg,US-22.jpg,US,US
merged_2117.jpg,US-220.jpg,US,US
merged_2118.jpg,US-221.jpg,US,US
merged_2119.jpg,US-222.jpg,US,US
merged_2120.jpg,US-223.jpg,US,US
merged_2121.jpg,US-224.jpg,US,US
merged_2122.jpg,US-225.jpg,US,US
merged_2123.jpg,US-226.jpg,US,US
merged_2124.jpg,US-227.jpg,US,US
merged_2125.jpg,US-228.jpg,US,US
merged_2126.jpg,US-229.jpg,US,US
merged_2127.jpg,US-23.jpg,US,US
merged_2128.jpg,US-230.jpg,US,US
merged_2129.jpg,US-231.jpg,US,US
merged_2130.jpg,US-232.jpg,US,US
merged_2131.jpg,US-233.jpg,US,US
merged_2132.jpg,US-234.jpg,US,US
merged_2133.jpg,US-235.jpg,US,US
merged_2134.jpg,US-236.jpg,US,US
merged_2135.jpg,US-237.jpg,US,US
merged_2136.jpg,US-238.jpg,US,US
merged_2137.jpg,US-239.jpg,US,US
merged_2138.jpg,US-24.jpg,US,US
merged_2139.jpg,US-240.jpg,US,US
merged_2140.jpg,US-241.jpg,US,US
merged_2141.jpg,US-242.jpg,US,US
merged_2142.jpg,US-243.jpg,US,US
merged_2143.jpg,US-244.jpg,US,US
merged_2144.jpg,US-245.jpg,US,US
merged_2145.jpg,US-246.jpg,US,US
merged_2146.jpg,US-247.jpg,US,US
merged_2147.jpg,US-248.jpg,US,US
merged_2148.jpg,US-249.jpg,US,US
merged_2149.jpg,US-25.jpg,US,US
merged_2150.jpg,US-250.jpg,US,US
merged_2151.jpg,US-251.jpg,US,US
merged_2152.jpg,US-252.jpg,US,US
merged_2153.jpg,US-253.jpg,US,US
merged_2154.jpg,US-254.jpg,US,US
merged_2155.jpg,US-255.jpg,US,US
merged_2156.jpg,US-256.jpg,US,US
merged_2157.jpg,US-257.jpg,US,US
merged_2158.jpg,US-258.jpg,US,US
merged_2159.jpg,US-259.jpg,US,US
merged_2160.jpg,US-26.jpg,US,US
merged_2161.jpg,US-260.jpg,US,US
merged_2162.jpg,US-261.jpg,US,US
merged_2163.jpg,US-262.jpg,US,US
merged_2164.jpg,US-263.jpg,US,US
merged_2165.jpg,US-264.jpg,US,US
merged_2166.jpg,US-265.jpg,US,US
merged_2167.jpg,US-266.jpg,US,US
merged_2168.jpg,US-267.jpg,US,US
merged_2169.jpg,US-268.jpg,US,US
merged_2170.jpg,US-269.jpg,US,US
merged_2171.jpg,US-27.jpg,US,US
merged_2172.jpg,US-270.jpg,US,US
merged_2173.jpg,US-271.jpg,US,US
merged_2174.jpg,US-272.jpg,US,US
merged_2175.jpg,US-273.jpg,US,US
merged_2176.jpg,US-274.jpg,US,US
merged_2177.jpg,US-275.jpg,US,US
merged_2178.jpg,US-276.jpg,US,US
merged_2179.jpg,US-277.jpg,US,US
merged_2180.jpg,US-278.jpg,US,US
merged_2181.jpg,US-279.jpg,US,US
merged_2182.jpg,US-28.jpg,US,US
merged_2183.jpg,US-280.jpg,US,US
merged_2184.jpg,US-281.jpg,US,US
merged_2185.jpg,US-282.jpg,US,US
merged_2186.jpg,US-283.jpg,US,US
merged_2187.jpg,US-284.jpg,US,US
merged_2188.jpg,US-285.jpg,US,US
merged_2189.jpg,US-286.jpg,US,US
merged_2190.jpg,US-287.jpg,US,US
merged_2191.jpg,US-288.jpg,US,US
merged_2192.jpg,US-289.jpg,US,US
merged_2193.jpg,US-29.jpg,US,US
merged_2194.jpg,US-290.jpg,US,US
merged_2195.jpg,US-291.jpg,US,US
merged_2196.jpg,US-292.jpg,US,US
merged_2197.jpg,US-293.jpg,US,US
merged_2198.jpg,US-294.jpg,US,US
merged_2199.jpg,US-295.jpg,US,US
merged_2200.jpg,US-296.jpg,US,US
merged_2201.jpg,US-297.jpg,US,US
merged_2202.jpg,US-298.jpg,US,US
merged_2203.jpg,US-299.jpg,US,US
merged_2204.jpg,US-3.jpg,US,US
merged_2205.jpg,US-30.jpg,US,US
merged_2206.jpg,US-300.jpg,US,US
merged_2207.jpg,US-301.jpg,US,US
merged_2208.jpg,US-302.jpg,US,US
merged_2209.jpg,US-303.jpg,US,US
merged_2210.jpg,US-304.jpg,US,US
merged_2211.jpg,US-305.jpg,US,US
merged_2212.jpg,US-306.jpg,US,US
merged_2213.jpg,US-307.jpg,US,US
merged_2214.jpg,US-308.jpg,US,US
merged_2215.jpg,US-309.jpg,US,US
merged_2216.jpg,US-31.jpg,US,US
merged_2217.jpg,US-310.jpg,US,US
merged_2218.jpg,US-311.jpg,US,US
merged_2219.jpg,US-312.jpg,US,US
merged_2220.jpg,US-313.jpg,US,US
merged_2221.jpg,US-314.jpg,US,US
merged_2222.jpg,US-315.jpg,US,US
merged_2223.jpg,US-316.jpg,US,US
merged_2224.jpg,US-317.jpg,US,US
merged_2225.jpg,US-318.jpg,US,US
merged_2226.jpg,US-32.jpg,US,US
merged_2227.jpg,US-33.jpg,US,US
merged_2228.jpg,US-34.jpg,US,US
merged_2229.jpg,US-35.jpg,US,US
merged_2230.jpg,US-36.jpg,US,US
merged_2231.jpg,US-37.jpg,US,US
merged_2232.jpg,US-38.jpg,US,US
merged_2233.jpg,US-39.jpg,US,US
merged_2234.jpg,US-4.jpg,US,US
merged_2235.jpg,US-40.jpg,US,US
merged_2236.jpg,US-41.jpg,US,US
merged_2237.jpg,US-42.jpg,US,US
merged_2238.jpg,US-43.jpg,US,US
merged_2239.jpg,US-44.jpg,US,US
merged_2240.jpg,US-45.jpg,US,US
merged_2241.jpg,US-46.jpg,US,US
merged_2242.jpg,US-47.jpg,US,US
merged_2243.jpg,US-48.jpg,US,US
merged_2244.jpg,US-49.jpg,US,US
merged_2245.jpg,US-5.jpg,US,US
merged_2246.jpg,US-50.jpg,US,US
merged_2247.jpg,US-51.jpg,US,US
merged_2248.jpg,US-52.jpg,US,US
merged_2249.jpg,US-53.jpg,US,US
merged_2250.jpg,US-54.jpg,US,US
merged_2251.jpg,US-55.jpg,US,US
merged_2252.jpg,US-56.jpg,US,US
merged_2253.jpg,US-57.jpg,US,US
merged_2254.jpg,US-58.jpg,US,US
merged_2255.jpg,US-59.jpg,US,US
merged_2256.jpg,US-6.jpg,US,US
merged_2257.jpg,US-60.jpg,US,US
merged_2258.jpg,US-61.jpg,US,US
merged_2259.jpg,US-62.jpg,US,US
merged_2260.jpg,US-63.jpg,US,US
merged_2261.jpg,US-64.jpg,US,US
merged_2262.jpg,US-65.jpg,US,US
merged_2263.jpg,US-66.jpg,US,US
merged_2264.jpg,US-67.jpg,US,US
merged_2265.jpg,US-68.jpg,US,US
merged_2266.jpg,US-69.jpg,US,US
merged_2267.jpg,US-7.jpg,US,US
merged_2268.jpg,US-70.jpg,US,US
merged_2269.jpg,US-71.jpg,US,US
merged_2270.jpg,US-72.jpg,US,US
merged_2271.jpg,US-73.jpg,US,US
merged_2272.jpg,US-74.jpg,US,US
merged_2273.jpg,US-75.jpg,US,US
merged_2274.jpg,US-76.jpg,US,US
merged_2275.jpg,US-77.jpg,US,US
merged_2276.jpg,US-78.jpg,US,US
merged_2277.jpg,US-79.jpg,US,US
merged_2278.jpg,US-8.jpg,US,US
merged_2279.jpg,US-80.jpg,US,US
merged_2280.jpg,US-81.jpg,US,US
merged_2281.jpg,US-82.jpg,US,US
merged_2282.jpg,US-83.jpg,US,US
merged_2283.jpg,US-84.jpg,US,US
merged_2284.jpg,US-85.jpg,US,US
merged_2285.jpg,US-86.jpg,US,US
merged_2286.jpg,US-87.jpg,US,US
merged_2287.jpg,US-88.jpg,US,US
merged_2288.jpg,US-89.jpg,US,US
merged_2289.jpg,US-9.jpg,US,US
merged_2290.jpg,US-90.jpg,US,US
merged_2291.jpg,US-91.jpg,US,US
merged_2292.jpg,US-92.jpg,US,US
merged_2293.jpg,US-93.jpg,US,US
merged_2294.jpg,US-94.jpg,US,US
merged_2295.jpg,US-95.jpg,US,US
merged_2296.jpg,US-96.jpg,US,US
merged_2297.jpg,US-97.jpg,US,US
merged_2298.jpg,US-98.jpg,US,US
merged_2299.jpg,US-99.jpg,US,US
merged_2300.jpg,UY-0.jpg,UY,UY
merged_2301.jpg,UZ-0.jpg,UZ,UZ
merged_2302.jpg,VA-0.jpg,VA,VA
merged_2303.jpg,VN-0.jpg,VN,VN
merged_2304.jpg,ZA-0.jpg,ZA,ZA
